{
    "meta": {
        "assetBundleName": "TEST",
        "name": "TEST",
        "description": "TEST",
        "levelAuthors": [
            "TEST"
        ],
        "composers": [
            "TEST"
        ],
        "difficulty": 1,
        "leftTrackSize": 1,
        "rightTrackSize": 1,
        "noteAppearPosition": {
            "x": 0.0,
            "y": 0.0,
            "z": 100.0
        },
        "bpm": 117
    },
    "leftNotes": [
        {
            "strikeTime": 2.0512821674346926,
            "trackIndex": 0
        },
        {
            "strikeTime": 2.5641026496887209,
            "trackIndex": 0
        },
        {
            "strikeTime": 3.076923131942749,
            "trackIndex": 0
        },
        {
            "strikeTime": 3.5897436141967775,
            "trackIndex": 0
        }
    ],
    "rightNotes": [
        {
            "strikeTime": 0.0,
            "trackIndex": 0
        },
        {
            "strikeTime": 0.5128205418586731,
            "trackIndex": 0
        },
        {
            "strikeTime": 1.0256410837173463,
            "trackIndex": 0
        },
        {
            "strikeTime": 1.5384615659713746,
            "trackIndex": 0
        }
    ]
}