{
    "leftNotes": [
        {
            "strikeTime": 16.875,
            "trackIndex": 1
        },
        {
            "strikeTime": 17.34375,
            "trackIndex": 1
        },
        {
            "strikeTime": 17.8125,
            "trackIndex": 1
        },
        {
            "strikeTime": 18.75,
            "trackIndex": 2
        },
        {
            "strikeTime": 19.21875,
            "trackIndex": 2
        },
        {
            "strikeTime": 19.6875,
            "trackIndex": 2
        },
        {
            "strikeTime": 20.625,
            "trackIndex": 1
        },
        {
            "strikeTime": 20.859375,
            "trackIndex": 2
        },
        {
            "strikeTime": 21.09375,
            "trackIndex": 1
        },
        {
            "strikeTime": 21.328125,
            "trackIndex": 2
        },
        {
            "strikeTime": 21.5625,
            "trackIndex": 1
        },
        {
            "strikeTime": 21.796875,
            "trackIndex": 2
        },
        {
            "strikeTime": 22.03125,
            "trackIndex": 1
        },
        {
            "strikeTime": 22.265625,
            "trackIndex": 2
        },
        {
            "strikeTime": 24.84375,
            "trackIndex": 2
        },
        {
            "strikeTime": 25.078125,
            "trackIndex": 1
        },
        {
            "strikeTime": 25.3125,
            "trackIndex": 0
        },
        {
            "strikeTime": 26.953125,
            "trackIndex": 2
        },
        {
            "strikeTime": 27.1875,
            "trackIndex": 1
        },
        {
            "strikeTime": 28.125,
            "trackIndex": 1
        },
        {
            "strikeTime": 28.359375,
            "trackIndex": 2
        },
        {
            "strikeTime": 29.296875,
            "trackIndex": 2
        },
        {
            "strikeTime": 29.53125,
            "trackIndex": 1
        },
        {
            "strikeTime": 29.765625,
            "trackIndex": 2
        },
        {
            "strikeTime": 31.875,
            "trackIndex": 1
        },
        {
            "strikeTime": 32.109375,
            "trackIndex": 2
        },
        {
            "strikeTime": 32.34375,
            "trackIndex": 1
        },
        {
            "strikeTime": 32.578125,
            "trackIndex": 0
        },
        {
            "strikeTime": 32.8125,
            "trackIndex": 1
        },
        {
            "strikeTime": 33.75,
            "trackIndex": 2
        },
        {
            "strikeTime": 33.984375,
            "trackIndex": 1
        },
        {
            "strikeTime": 34.21875,
            "trackIndex": 2
        },
        {
            "strikeTime": 34.6875,
            "trackIndex": 2
        },
        {
            "strikeTime": 36.09375,
            "trackIndex": 2
        },
        {
            "strikeTime": 36.328125,
            "trackIndex": 1
        },
        {
            "strikeTime": 39.375,
            "trackIndex": 2
        },
        {
            "strikeTime": 39.375,
            "trackIndex": 1
        },
        {
            "strikeTime": 39.375,
            "trackIndex": 0
        },
        {
            "strikeTime": 40.3125,
            "trackIndex": 1
        },
        {
            "strikeTime": 40.3125,
            "trackIndex": 0
        },
        {
            "strikeTime": 40.3125,
            "trackIndex": 2
        },
        {
            "strikeTime": 43.359375,
            "trackIndex": 1
        },
        {
            "strikeTime": 43.359375,
            "trackIndex": 2
        },
        {
            "strikeTime": 43.828125,
            "trackIndex": 1
        },
        {
            "strikeTime": 43.828125,
            "trackIndex": 2
        },
        {
            "strikeTime": 44.296875,
            "trackIndex": 1
        },
        {
            "strikeTime": 44.296875,
            "trackIndex": 2
        },
        {
            "strikeTime": 44.765625,
            "trackIndex": 1
        },
        {
            "strikeTime": 44.765625,
            "trackIndex": 2
        },
        {
            "strikeTime": 45.46875,
            "trackIndex": 2
        },
        {
            "strikeTime": 45.9375,
            "trackIndex": 2
        },
        {
            "strikeTime": 46.171875,
            "trackIndex": 1
        },
        {
            "strikeTime": 46.40625,
            "trackIndex": 2
        },
        {
            "strikeTime": 47.34375,
            "trackIndex": 2
        },
        {
            "strikeTime": 47.8125,
            "trackIndex": 2
        },
        {
            "strikeTime": 48.046875,
            "trackIndex": 1
        },
        {
            "strikeTime": 48.28125,
            "trackIndex": 2
        },
        {
            "strikeTime": 48.75,
            "trackIndex": 2
        },
        {
            "strikeTime": 49.21875,
            "trackIndex": 2
        },
        {
            "strikeTime": 49.6875,
            "trackIndex": 1
        },
        {
            "strikeTime": 50.15625,
            "trackIndex": 1
        },
        {
            "strikeTime": 50.859375,
            "trackIndex": 2
        },
        {
            "strikeTime": 51.09375,
            "trackIndex": 1
        },
        {
            "strikeTime": 51.328125,
            "trackIndex": 2
        },
        {
            "strikeTime": 52.265625,
            "trackIndex": 2
        },
        {
            "strikeTime": 52.5,
            "trackIndex": 1
        },
        {
            "strikeTime": 52.8515625,
            "trackIndex": 2
        },
        {
            "strikeTime": 53.4375,
            "trackIndex": 1
        },
        {
            "strikeTime": 53.671875,
            "trackIndex": 2
        },
        {
            "strikeTime": 53.90625,
            "trackIndex": 2
        },
        {
            "strikeTime": 54.7265625,
            "trackIndex": 2
        },
        {
            "strikeTime": 55.078125,
            "trackIndex": 1
        },
        {
            "strikeTime": 55.6640625,
            "trackIndex": 2
        },
        {
            "strikeTime": 56.015625,
            "trackIndex": 1
        },
        {
            "strikeTime": 56.25,
            "trackIndex": 1
        },
        {
            "strikeTime": 56.484375,
            "trackIndex": 2
        },
        {
            "strikeTime": 56.71875,
            "trackIndex": 2
        },
        {
            "strikeTime": 57.5390625,
            "trackIndex": 2
        },
        {
            "strikeTime": 57.890625,
            "trackIndex": 1
        },
        {
            "strikeTime": 58.125,
            "trackIndex": 1
        },
        {
            "strikeTime": 58.359375,
            "trackIndex": 2
        },
        {
            "strikeTime": 58.59375,
            "trackIndex": 2
        },
        {
            "strikeTime": 59.4140625,
            "trackIndex": 2
        },
        {
            "strikeTime": 59.765625,
            "trackIndex": 1
        },
        {
            "strikeTime": 61.875,
            "trackIndex": 1
        },
        {
            "strikeTime": 61.875,
            "trackIndex": 2
        },
        {
            "strikeTime": 62.109375,
            "trackIndex": 2
        },
        {
            "strikeTime": 62.109375,
            "trackIndex": 1
        },
        {
            "strikeTime": 62.34375,
            "trackIndex": 1
        },
        {
            "strikeTime": 62.34375,
            "trackIndex": 2
        },
        {
            "strikeTime": 62.578125,
            "trackIndex": 1
        },
        {
            "strikeTime": 62.578125,
            "trackIndex": 2
        },
        {
            "strikeTime": 62.8125,
            "trackIndex": 1
        },
        {
            "strikeTime": 62.8125,
            "trackIndex": 2
        },
        {
            "strikeTime": 63.046875,
            "trackIndex": 2
        },
        {
            "strikeTime": 63.046875,
            "trackIndex": 1
        },
        {
            "strikeTime": 63.28125,
            "trackIndex": 1
        },
        {
            "strikeTime": 63.28125,
            "trackIndex": 2
        },
        {
            "strikeTime": 63.515625,
            "trackIndex": 1
        },
        {
            "strikeTime": 63.515625,
            "trackIndex": 2
        },
        {
            "strikeTime": 63.984375,
            "trackIndex": 2
        },
        {
            "strikeTime": 63.984375,
            "trackIndex": 1
        },
        {
            "strikeTime": 64.453125,
            "trackIndex": 2
        },
        {
            "strikeTime": 64.453125,
            "trackIndex": 1
        },
        {
            "strikeTime": 64.921875,
            "trackIndex": 1
        },
        {
            "strikeTime": 64.921875,
            "trackIndex": 2
        },
        {
            "strikeTime": 65.390625,
            "trackIndex": 1
        },
        {
            "strikeTime": 65.390625,
            "trackIndex": 2
        },
        {
            "strikeTime": 66.09375,
            "trackIndex": 2
        },
        {
            "strikeTime": 66.328125,
            "trackIndex": 1
        },
        {
            "strikeTime": 67.96875,
            "trackIndex": 2
        },
        {
            "strikeTime": 67.96875,
            "trackIndex": 0
        },
        {
            "strikeTime": 67.96875,
            "trackIndex": 1
        },
        {
            "strikeTime": 69.140625,
            "trackIndex": 2
        },
        {
            "strikeTime": 69.609375,
            "trackIndex": 0
        },
        {
            "strikeTime": 69.609375,
            "trackIndex": 1
        },
        {
            "strikeTime": 69.84375,
            "trackIndex": 0
        },
        {
            "strikeTime": 69.84375,
            "trackIndex": 1
        },
        {
            "strikeTime": 70.078125,
            "trackIndex": 2
        },
        {
            "strikeTime": 70.3125,
            "trackIndex": 2
        },
        {
            "strikeTime": 71.25,
            "trackIndex": 0
        },
        {
            "strikeTime": 71.25,
            "trackIndex": 2
        },
        {
            "strikeTime": 71.25,
            "trackIndex": 1
        },
        {
            "strikeTime": 72.1875,
            "trackIndex": 2
        },
        {
            "strikeTime": 72.1875,
            "trackIndex": 1
        },
        {
            "strikeTime": 72.1875,
            "trackIndex": 0
        },
        {
            "strikeTime": 73.359375,
            "trackIndex": 2
        },
        {
            "strikeTime": 73.59375,
            "trackIndex": 2
        },
        {
            "strikeTime": 73.828125,
            "trackIndex": 2
        },
        {
            "strikeTime": 74.0625,
            "trackIndex": 1
        },
        {
            "strikeTime": 74.0625,
            "trackIndex": 0
        },
        {
            "strikeTime": 74.296875,
            "trackIndex": 1
        },
        {
            "strikeTime": 74.296875,
            "trackIndex": 0
        },
        {
            "strikeTime": 74.53125,
            "trackIndex": 1
        },
        {
            "strikeTime": 74.53125,
            "trackIndex": 0
        },
        {
            "strikeTime": 74.765625,
            "trackIndex": 0
        },
        {
            "strikeTime": 74.765625,
            "trackIndex": 1
        },
        {
            "strikeTime": 75.46875,
            "trackIndex": 0
        },
        {
            "strikeTime": 75.46875,
            "trackIndex": 1
        },
        {
            "strikeTime": 75.46875,
            "trackIndex": 2
        },
        {
            "strikeTime": 76.40625,
            "trackIndex": 1
        },
        {
            "strikeTime": 76.40625,
            "trackIndex": 2
        },
        {
            "strikeTime": 76.875,
            "trackIndex": 2
        },
        {
            "strikeTime": 76.875,
            "trackIndex": 1
        },
        {
            "strikeTime": 77.8125,
            "trackIndex": 1
        },
        {
            "strikeTime": 77.8125,
            "trackIndex": 2
        },
        {
            "strikeTime": 78.046875,
            "trackIndex": 1
        },
        {
            "strikeTime": 78.046875,
            "trackIndex": 2
        },
        {
            "strikeTime": 78.28125,
            "trackIndex": 1
        },
        {
            "strikeTime": 78.28125,
            "trackIndex": 2
        },
        {
            "strikeTime": 78.515625,
            "trackIndex": 2
        },
        {
            "strikeTime": 78.515625,
            "trackIndex": 1
        },
        {
            "strikeTime": 79.21875,
            "trackIndex": 0
        },
        {
            "strikeTime": 79.21875,
            "trackIndex": 1
        },
        {
            "strikeTime": 79.21875,
            "trackIndex": 2
        },
        {
            "strikeTime": 80.15625,
            "trackIndex": 2
        },
        {
            "strikeTime": 80.15625,
            "trackIndex": 1
        },
        {
            "strikeTime": 80.625,
            "trackIndex": 1
        },
        {
            "strikeTime": 80.625,
            "trackIndex": 2
        },
        {
            "strikeTime": 81.5625,
            "trackIndex": 2
        },
        {
            "strikeTime": 81.5625,
            "trackIndex": 1
        },
        {
            "strikeTime": 81.796875,
            "trackIndex": 1
        },
        {
            "strikeTime": 81.796875,
            "trackIndex": 2
        },
        {
            "strikeTime": 82.03125,
            "trackIndex": 1
        },
        {
            "strikeTime": 82.03125,
            "trackIndex": 2
        },
        {
            "strikeTime": 82.265625,
            "trackIndex": 1
        },
        {
            "strikeTime": 82.265625,
            "trackIndex": 2
        },
        {
            "strikeTime": 82.96875,
            "trackIndex": 2
        },
        {
            "strikeTime": 82.96875,
            "trackIndex": 1
        },
        {
            "strikeTime": 82.96875,
            "trackIndex": 0
        },
        {
            "strikeTime": 83.90625,
            "trackIndex": 1
        },
        {
            "strikeTime": 83.90625,
            "trackIndex": 2
        },
        {
            "strikeTime": 84.375,
            "trackIndex": 1
        },
        {
            "strikeTime": 84.375,
            "trackIndex": 2
        },
        {
            "strikeTime": 85.3125,
            "trackIndex": 1
        },
        {
            "strikeTime": 85.3125,
            "trackIndex": 2
        },
        {
            "strikeTime": 85.546875,
            "trackIndex": 1
        },
        {
            "strikeTime": 85.546875,
            "trackIndex": 2
        },
        {
            "strikeTime": 85.78125,
            "trackIndex": 1
        },
        {
            "strikeTime": 85.78125,
            "trackIndex": 2
        },
        {
            "strikeTime": 86.015625,
            "trackIndex": 1
        },
        {
            "strikeTime": 86.015625,
            "trackIndex": 2
        },
        {
            "strikeTime": 86.71875,
            "trackIndex": 0
        },
        {
            "strikeTime": 86.71875,
            "trackIndex": 1
        },
        {
            "strikeTime": 86.71875,
            "trackIndex": 2
        },
        {
            "strikeTime": 87.65625,
            "trackIndex": 1
        },
        {
            "strikeTime": 87.65625,
            "trackIndex": 2
        },
        {
            "strikeTime": 88.125,
            "trackIndex": 1
        },
        {
            "strikeTime": 88.125,
            "trackIndex": 2
        },
        {
            "strikeTime": 89.0625,
            "trackIndex": 1
        },
        {
            "strikeTime": 89.0625,
            "trackIndex": 2
        },
        {
            "strikeTime": 89.296875,
            "trackIndex": 2
        },
        {
            "strikeTime": 89.296875,
            "trackIndex": 1
        },
        {
            "strikeTime": 89.53125,
            "trackIndex": 2
        },
        {
            "strikeTime": 89.53125,
            "trackIndex": 1
        },
        {
            "strikeTime": 89.765625,
            "trackIndex": 1
        },
        {
            "strikeTime": 89.765625,
            "trackIndex": 2
        },
        {
            "strikeTime": 90.46875,
            "trackIndex": 0
        },
        {
            "strikeTime": 90.46875,
            "trackIndex": 1
        },
        {
            "strikeTime": 90.46875,
            "trackIndex": 2
        },
        {
            "strikeTime": 91.40625,
            "trackIndex": 2
        },
        {
            "strikeTime": 91.40625,
            "trackIndex": 1
        },
        {
            "strikeTime": 91.875,
            "trackIndex": 1
        },
        {
            "strikeTime": 91.875,
            "trackIndex": 2
        },
        {
            "strikeTime": 92.8125,
            "trackIndex": 1
        },
        {
            "strikeTime": 92.8125,
            "trackIndex": 2
        },
        {
            "strikeTime": 93.046875,
            "trackIndex": 1
        },
        {
            "strikeTime": 93.046875,
            "trackIndex": 2
        },
        {
            "strikeTime": 93.28125,
            "trackIndex": 1
        },
        {
            "strikeTime": 93.28125,
            "trackIndex": 2
        },
        {
            "strikeTime": 93.515625,
            "trackIndex": 2
        },
        {
            "strikeTime": 93.515625,
            "trackIndex": 1
        },
        {
            "strikeTime": 95.15625,
            "trackIndex": 0
        },
        {
            "strikeTime": 95.15625,
            "trackIndex": 1
        },
        {
            "strikeTime": 95.15625,
            "trackIndex": 2
        },
        {
            "strikeTime": 95.625,
            "trackIndex": 1
        },
        {
            "strikeTime": 95.625,
            "trackIndex": 2
        },
        {
            "strikeTime": 96.09375,
            "trackIndex": 1
        },
        {
            "strikeTime": 96.09375,
            "trackIndex": 2
        },
        {
            "strikeTime": 96.5625,
            "trackIndex": 1
        },
        {
            "strikeTime": 96.5625,
            "trackIndex": 2
        },
        {
            "strikeTime": 97.03125,
            "trackIndex": 1
        },
        {
            "strikeTime": 97.03125,
            "trackIndex": 2
        },
        {
            "strikeTime": 97.5,
            "trackIndex": 1
        },
        {
            "strikeTime": 97.734375,
            "trackIndex": 2
        },
        {
            "strikeTime": 98.90625,
            "trackIndex": 2
        },
        {
            "strikeTime": 99.84375,
            "trackIndex": 2
        },
        {
            "strikeTime": 100.078125,
            "trackIndex": 1
        },
        {
            "strikeTime": 100.3125,
            "trackIndex": 2
        },
        {
            "strikeTime": 100.78125,
            "trackIndex": 2
        },
        {
            "strikeTime": 101.71875,
            "trackIndex": 2
        },
        {
            "strikeTime": 101.953125,
            "trackIndex": 1
        },
        {
            "strikeTime": 102.1875,
            "trackIndex": 2
        },
        {
            "strikeTime": 102.65625,
            "trackIndex": 2
        },
        {
            "strikeTime": 103.125,
            "trackIndex": 1
        },
        {
            "strikeTime": 103.359375,
            "trackIndex": 2
        },
        {
            "strikeTime": 104.296875,
            "trackIndex": 2
        },
        {
            "strikeTime": 105.0,
            "trackIndex": 1
        },
        {
            "strikeTime": 105.234375,
            "trackIndex": 2
        },
        {
            "strikeTime": 106.40625,
            "trackIndex": 2
        },
        {
            "strikeTime": 107.34375,
            "trackIndex": 2
        },
        {
            "strikeTime": 107.578125,
            "trackIndex": 1
        },
        {
            "strikeTime": 107.8125,
            "trackIndex": 2
        },
        {
            "strikeTime": 108.28125,
            "trackIndex": 2
        },
        {
            "strikeTime": 109.21875,
            "trackIndex": 2
        },
        {
            "strikeTime": 109.453125,
            "trackIndex": 1
        },
        {
            "strikeTime": 109.6875,
            "trackIndex": 2
        },
        {
            "strikeTime": 110.15625,
            "trackIndex": 2
        },
        {
            "strikeTime": 111.09375,
            "trackIndex": 2
        },
        {
            "strikeTime": 111.328125,
            "trackIndex": 1
        },
        {
            "strikeTime": 112.03125,
            "trackIndex": 2
        },
        {
            "strikeTime": 112.265625,
            "trackIndex": 1
        },
        {
            "strikeTime": 114.375,
            "trackIndex": 1
        },
        {
            "strikeTime": 114.609375,
            "trackIndex": 2
        },
        {
            "strikeTime": 114.84375,
            "trackIndex": 1
        },
        {
            "strikeTime": 115.078125,
            "trackIndex": 2
        },
        {
            "strikeTime": 115.3125,
            "trackIndex": 1
        },
        {
            "strikeTime": 115.78125,
            "trackIndex": 2
        },
        {
            "strikeTime": 115.78125,
            "trackIndex": 1
        },
        {
            "strikeTime": 116.484375,
            "trackIndex": 2
        },
        {
            "strikeTime": 116.953125,
            "trackIndex": 2
        },
        {
            "strikeTime": 117.65625,
            "trackIndex": 2
        },
        {
            "strikeTime": 118.125,
            "trackIndex": 1
        },
        {
            "strikeTime": 118.359375,
            "trackIndex": 2
        },
        {
            "strikeTime": 119.296875,
            "trackIndex": 2
        },
        {
            "strikeTime": 119.53125,
            "trackIndex": 1
        },
        {
            "strikeTime": 119.765625,
            "trackIndex": 2
        },
        {
            "strikeTime": 120.234375,
            "trackIndex": 2
        },
        {
            "strikeTime": 120.46875,
            "trackIndex": 2
        },
        {
            "strikeTime": 120.703125,
            "trackIndex": 1
        },
        {
            "strikeTime": 120.9375,
            "trackIndex": 1
        },
        {
            "strikeTime": 121.40625,
            "trackIndex": 2
        },
        {
            "strikeTime": 121.875,
            "trackIndex": 1
        },
        {
            "strikeTime": 122.2265625,
            "trackIndex": 2
        },
        {
            "strikeTime": 123.28125,
            "trackIndex": 2
        },
        {
            "strikeTime": 124.1015625,
            "trackIndex": 2
        },
        {
            "strikeTime": 124.453125,
            "trackIndex": 1
        },
        {
            "strikeTime": 124.6875,
            "trackIndex": 1
        },
        {
            "strikeTime": 125.15625,
            "trackIndex": 2
        },
        {
            "strikeTime": 125.625,
            "trackIndex": 2
        },
        {
            "strikeTime": 126.09375,
            "trackIndex": 2
        },
        {
            "strikeTime": 126.5625,
            "trackIndex": 2
        },
        {
            "strikeTime": 127.03125,
            "trackIndex": 2
        },
        {
            "strikeTime": 128.203125,
            "trackIndex": 2
        },
        {
            "strikeTime": 128.4375,
            "trackIndex": 1
        },
        {
            "strikeTime": 128.90625,
            "trackIndex": 2
        },
        {
            "strikeTime": 129.140625,
            "trackIndex": 1
        },
        {
            "strikeTime": 129.375,
            "trackIndex": 0
        },
        {
            "strikeTime": 129.609375,
            "trackIndex": 1
        },
        {
            "strikeTime": 129.84375,
            "trackIndex": 2
        },
        {
            "strikeTime": 131.71875,
            "trackIndex": 2
        },
        {
            "strikeTime": 131.953125,
            "trackIndex": 1
        },
        {
            "strikeTime": 132.1875,
            "trackIndex": 0
        },
        {
            "strikeTime": 132.65625,
            "trackIndex": 1
        },
        {
            "strikeTime": 132.890625,
            "trackIndex": 2
        },
        {
            "strikeTime": 133.125,
            "trackIndex": 1
        },
        {
            "strikeTime": 133.359375,
            "trackIndex": 2
        },
        {
            "strikeTime": 134.296875,
            "trackIndex": 2
        },
        {
            "strikeTime": 134.53125,
            "trackIndex": 1
        },
        {
            "strikeTime": 134.765625,
            "trackIndex": 2
        },
        {
            "strikeTime": 136.40625,
            "trackIndex": 1
        },
        {
            "strikeTime": 136.640625,
            "trackIndex": 2
        },
        {
            "strikeTime": 137.578125,
            "trackIndex": 2
        },
        {
            "strikeTime": 137.8125,
            "trackIndex": 1
        },
        {
            "strikeTime": 138.28125,
            "trackIndex": 1
        },
        {
            "strikeTime": 138.515625,
            "trackIndex": 2
        },
        {
            "strikeTime": 140.15625,
            "trackIndex": 1
        },
        {
            "strikeTime": 140.390625,
            "trackIndex": 2
        },
        {
            "strikeTime": 140.859375,
            "trackIndex": 1
        },
        {
            "strikeTime": 140.859375,
            "trackIndex": 2
        },
        {
            "strikeTime": 141.328125,
            "trackIndex": 1
        },
        {
            "strikeTime": 141.328125,
            "trackIndex": 2
        },
        {
            "strikeTime": 141.796875,
            "trackIndex": 1
        },
        {
            "strikeTime": 141.796875,
            "trackIndex": 2
        },
        {
            "strikeTime": 142.265625,
            "trackIndex": 1
        },
        {
            "strikeTime": 142.265625,
            "trackIndex": 2
        },
        {
            "strikeTime": 143.4375,
            "trackIndex": 2
        },
        {
            "strikeTime": 143.4375,
            "trackIndex": 1
        },
        {
            "strikeTime": 144.375,
            "trackIndex": 1
        },
        {
            "strikeTime": 144.609375,
            "trackIndex": 2
        },
        {
            "strikeTime": 144.84375,
            "trackIndex": 1
        },
        {
            "strikeTime": 145.078125,
            "trackIndex": 2
        },
        {
            "strikeTime": 145.78125,
            "trackIndex": 1
        },
        {
            "strikeTime": 146.015625,
            "trackIndex": 2
        },
        {
            "strikeTime": 146.71875,
            "trackIndex": 2
        },
        {
            "strikeTime": 147.1875,
            "trackIndex": 2
        },
        {
            "strikeTime": 147.890625,
            "trackIndex": 2
        },
        {
            "strikeTime": 148.125,
            "trackIndex": 1
        },
        {
            "strikeTime": 148.359375,
            "trackIndex": 2
        },
        {
            "strikeTime": 149.765625,
            "trackIndex": 2
        },
        {
            "strikeTime": 150.0,
            "trackIndex": 1
        },
        {
            "strikeTime": 150.46875,
            "trackIndex": 2
        },
        {
            "strikeTime": 150.703125,
            "trackIndex": 1
        },
        {
            "strikeTime": 151.171875,
            "trackIndex": 1
        },
        {
            "strikeTime": 151.40625,
            "trackIndex": 2
        },
        {
            "strikeTime": 151.640625,
            "trackIndex": 1
        },
        {
            "strikeTime": 151.875,
            "trackIndex": 2
        },
        {
            "strikeTime": 152.34375,
            "trackIndex": 1
        },
        {
            "strikeTime": 152.578125,
            "trackIndex": 2
        },
        {
            "strikeTime": 152.8125,
            "trackIndex": 1
        },
        {
            "strikeTime": 153.28125,
            "trackIndex": 2
        },
        {
            "strikeTime": 153.75,
            "trackIndex": 1
        },
        {
            "strikeTime": 154.21875,
            "trackIndex": 2
        },
        {
            "strikeTime": 154.453125,
            "trackIndex": 1
        },
        {
            "strikeTime": 154.6875,
            "trackIndex": 2
        },
        {
            "strikeTime": 155.15625,
            "trackIndex": 1
        },
        {
            "strikeTime": 155.390625,
            "trackIndex": 2
        },
        {
            "strikeTime": 157.96875,
            "trackIndex": 1
        },
        {
            "strikeTime": 157.96875,
            "trackIndex": 2
        },
        {
            "strikeTime": 158.4375,
            "trackIndex": 2
        },
        {
            "strikeTime": 158.4375,
            "trackIndex": 1
        },
        {
            "strikeTime": 159.140625,
            "trackIndex": 1
        },
        {
            "strikeTime": 159.140625,
            "trackIndex": 2
        },
        {
            "strikeTime": 159.609375,
            "trackIndex": 1
        },
        {
            "strikeTime": 159.609375,
            "trackIndex": 2
        },
        {
            "strikeTime": 160.078125,
            "trackIndex": 1
        },
        {
            "strikeTime": 160.078125,
            "trackIndex": 2
        },
        {
            "strikeTime": 160.78125,
            "trackIndex": 1
        },
        {
            "strikeTime": 160.78125,
            "trackIndex": 2
        },
        {
            "strikeTime": 161.25,
            "trackIndex": 1
        },
        {
            "strikeTime": 161.25,
            "trackIndex": 2
        },
        {
            "strikeTime": 161.953125,
            "trackIndex": 1
        },
        {
            "strikeTime": 161.953125,
            "trackIndex": 2
        },
        {
            "strikeTime": 162.65625,
            "trackIndex": 1
        },
        {
            "strikeTime": 162.65625,
            "trackIndex": 2
        },
        {
            "strikeTime": 163.125,
            "trackIndex": 1
        },
        {
            "strikeTime": 163.125,
            "trackIndex": 2
        },
        {
            "strikeTime": 163.59375,
            "trackIndex": 2
        },
        {
            "strikeTime": 163.59375,
            "trackIndex": 1
        },
        {
            "strikeTime": 164.0625,
            "trackIndex": 1
        },
        {
            "strikeTime": 164.0625,
            "trackIndex": 2
        },
        {
            "strikeTime": 164.53125,
            "trackIndex": 1
        },
        {
            "strikeTime": 164.53125,
            "trackIndex": 2
        },
        {
            "strikeTime": 165.0,
            "trackIndex": 2
        },
        {
            "strikeTime": 165.0,
            "trackIndex": 1
        },
        {
            "strikeTime": 165.703125,
            "trackIndex": 1
        },
        {
            "strikeTime": 165.703125,
            "trackIndex": 2
        },
        {
            "strikeTime": 166.171875,
            "trackIndex": 1
        },
        {
            "strikeTime": 166.171875,
            "trackIndex": 2
        },
        {
            "strikeTime": 166.640625,
            "trackIndex": 1
        },
        {
            "strikeTime": 166.640625,
            "trackIndex": 2
        },
        {
            "strikeTime": 167.34375,
            "trackIndex": 2
        },
        {
            "strikeTime": 167.34375,
            "trackIndex": 1
        },
        {
            "strikeTime": 167.8125,
            "trackIndex": 2
        },
        {
            "strikeTime": 167.8125,
            "trackIndex": 1
        },
        {
            "strikeTime": 168.515625,
            "trackIndex": 1
        },
        {
            "strikeTime": 168.515625,
            "trackIndex": 2
        },
        {
            "strikeTime": 169.21875,
            "trackIndex": 2
        },
        {
            "strikeTime": 169.21875,
            "trackIndex": 1
        },
        {
            "strikeTime": 169.6875,
            "trackIndex": 1
        },
        {
            "strikeTime": 169.6875,
            "trackIndex": 2
        },
        {
            "strikeTime": 170.625,
            "trackIndex": 0
        },
        {
            "strikeTime": 170.859375,
            "trackIndex": 1
        },
        {
            "strikeTime": 171.09375,
            "trackIndex": 2
        },
        {
            "strikeTime": 172.265625,
            "trackIndex": 2
        },
        {
            "strikeTime": 172.96875,
            "trackIndex": 0
        },
        {
            "strikeTime": 172.96875,
            "trackIndex": 2
        },
        {
            "strikeTime": 172.96875,
            "trackIndex": 1
        },
        {
            "strikeTime": 173.90625,
            "trackIndex": 2
        },
        {
            "strikeTime": 173.90625,
            "trackIndex": 1
        },
        {
            "strikeTime": 174.375,
            "trackIndex": 2
        },
        {
            "strikeTime": 174.375,
            "trackIndex": 1
        },
        {
            "strikeTime": 174.609375,
            "trackIndex": 1
        },
        {
            "strikeTime": 174.609375,
            "trackIndex": 2
        },
        {
            "strikeTime": 174.84375,
            "trackIndex": 1
        },
        {
            "strikeTime": 174.84375,
            "trackIndex": 2
        },
        {
            "strikeTime": 175.078125,
            "trackIndex": 1
        },
        {
            "strikeTime": 175.078125,
            "trackIndex": 2
        },
        {
            "strikeTime": 176.25,
            "trackIndex": 0
        },
        {
            "strikeTime": 176.25,
            "trackIndex": 1
        },
        {
            "strikeTime": 176.25,
            "trackIndex": 2
        },
        {
            "strikeTime": 177.1875,
            "trackIndex": 0
        },
        {
            "strikeTime": 177.1875,
            "trackIndex": 2
        },
        {
            "strikeTime": 177.1875,
            "trackIndex": 1
        },
        {
            "strikeTime": 177.890625,
            "trackIndex": 1
        },
        {
            "strikeTime": 177.890625,
            "trackIndex": 2
        },
        {
            "strikeTime": 179.0625,
            "trackIndex": 2
        },
        {
            "strikeTime": 179.0625,
            "trackIndex": 1
        },
        {
            "strikeTime": 179.296875,
            "trackIndex": 1
        },
        {
            "strikeTime": 179.296875,
            "trackIndex": 2
        },
        {
            "strikeTime": 179.53125,
            "trackIndex": 1
        },
        {
            "strikeTime": 179.53125,
            "trackIndex": 2
        },
        {
            "strikeTime": 179.765625,
            "trackIndex": 1
        },
        {
            "strikeTime": 179.765625,
            "trackIndex": 2
        },
        {
            "strikeTime": 180.46875,
            "trackIndex": 0
        },
        {
            "strikeTime": 180.46875,
            "trackIndex": 1
        },
        {
            "strikeTime": 180.46875,
            "trackIndex": 2
        },
        {
            "strikeTime": 181.40625,
            "trackIndex": 1
        },
        {
            "strikeTime": 181.40625,
            "trackIndex": 2
        },
        {
            "strikeTime": 181.875,
            "trackIndex": 1
        },
        {
            "strikeTime": 181.875,
            "trackIndex": 2
        },
        {
            "strikeTime": 182.109375,
            "trackIndex": 1
        },
        {
            "strikeTime": 182.109375,
            "trackIndex": 2
        },
        {
            "strikeTime": 182.34375,
            "trackIndex": 2
        },
        {
            "strikeTime": 182.34375,
            "trackIndex": 1
        },
        {
            "strikeTime": 182.578125,
            "trackIndex": 2
        },
        {
            "strikeTime": 182.578125,
            "trackIndex": 1
        },
        {
            "strikeTime": 183.75,
            "trackIndex": 0
        },
        {
            "strikeTime": 183.75,
            "trackIndex": 2
        },
        {
            "strikeTime": 183.75,
            "trackIndex": 1
        },
        {
            "strikeTime": 184.6875,
            "trackIndex": 0
        },
        {
            "strikeTime": 184.6875,
            "trackIndex": 1
        },
        {
            "strikeTime": 184.6875,
            "trackIndex": 2
        },
        {
            "strikeTime": 185.390625,
            "trackIndex": 1
        },
        {
            "strikeTime": 185.390625,
            "trackIndex": 2
        },
        {
            "strikeTime": 185.859375,
            "trackIndex": 1
        },
        {
            "strikeTime": 185.859375,
            "trackIndex": 2
        },
        {
            "strikeTime": 186.09375,
            "trackIndex": 1
        },
        {
            "strikeTime": 186.09375,
            "trackIndex": 2
        },
        {
            "strikeTime": 186.328125,
            "trackIndex": 1
        },
        {
            "strikeTime": 186.328125,
            "trackIndex": 2
        },
        {
            "strikeTime": 187.96875,
            "trackIndex": 2
        },
        {
            "strikeTime": 187.96875,
            "trackIndex": 0
        },
        {
            "strikeTime": 187.96875,
            "trackIndex": 1
        },
        {
            "strikeTime": 188.90625,
            "trackIndex": 1
        },
        {
            "strikeTime": 188.90625,
            "trackIndex": 2
        },
        {
            "strikeTime": 189.375,
            "trackIndex": 1
        },
        {
            "strikeTime": 189.375,
            "trackIndex": 2
        },
        {
            "strikeTime": 189.609375,
            "trackIndex": 1
        },
        {
            "strikeTime": 189.609375,
            "trackIndex": 2
        },
        {
            "strikeTime": 189.84375,
            "trackIndex": 1
        },
        {
            "strikeTime": 189.84375,
            "trackIndex": 2
        },
        {
            "strikeTime": 190.078125,
            "trackIndex": 1
        },
        {
            "strikeTime": 190.078125,
            "trackIndex": 2
        },
        {
            "strikeTime": 191.25,
            "trackIndex": 0
        },
        {
            "strikeTime": 191.25,
            "trackIndex": 1
        },
        {
            "strikeTime": 191.25,
            "trackIndex": 2
        },
        {
            "strikeTime": 192.1875,
            "trackIndex": 2
        },
        {
            "strikeTime": 192.1875,
            "trackIndex": 1
        },
        {
            "strikeTime": 192.1875,
            "trackIndex": 0
        },
        {
            "strikeTime": 192.890625,
            "trackIndex": 1
        },
        {
            "strikeTime": 192.890625,
            "trackIndex": 2
        },
        {
            "strikeTime": 194.0625,
            "trackIndex": 1
        },
        {
            "strikeTime": 194.0625,
            "trackIndex": 2
        },
        {
            "strikeTime": 194.296875,
            "trackIndex": 1
        },
        {
            "strikeTime": 194.296875,
            "trackIndex": 2
        },
        {
            "strikeTime": 194.53125,
            "trackIndex": 1
        },
        {
            "strikeTime": 194.53125,
            "trackIndex": 2
        },
        {
            "strikeTime": 194.765625,
            "trackIndex": 1
        },
        {
            "strikeTime": 194.765625,
            "trackIndex": 2
        },
        {
            "strikeTime": 195.46875,
            "trackIndex": 0
        },
        {
            "strikeTime": 195.46875,
            "trackIndex": 1
        },
        {
            "strikeTime": 195.46875,
            "trackIndex": 2
        },
        {
            "strikeTime": 196.40625,
            "trackIndex": 2
        },
        {
            "strikeTime": 196.40625,
            "trackIndex": 1
        },
        {
            "strikeTime": 196.875,
            "trackIndex": 1
        },
        {
            "strikeTime": 196.875,
            "trackIndex": 2
        },
        {
            "strikeTime": 197.109375,
            "trackIndex": 1
        },
        {
            "strikeTime": 197.109375,
            "trackIndex": 2
        },
        {
            "strikeTime": 197.34375,
            "trackIndex": 1
        },
        {
            "strikeTime": 197.34375,
            "trackIndex": 2
        },
        {
            "strikeTime": 197.578125,
            "trackIndex": 1
        },
        {
            "strikeTime": 197.578125,
            "trackIndex": 2
        },
        {
            "strikeTime": 198.75,
            "trackIndex": 0
        },
        {
            "strikeTime": 198.75,
            "trackIndex": 1
        },
        {
            "strikeTime": 198.75,
            "trackIndex": 2
        },
        {
            "strikeTime": 199.6875,
            "trackIndex": 0
        },
        {
            "strikeTime": 199.6875,
            "trackIndex": 1
        },
        {
            "strikeTime": 199.6875,
            "trackIndex": 2
        },
        {
            "strikeTime": 200.390625,
            "trackIndex": 2
        },
        {
            "strikeTime": 200.390625,
            "trackIndex": 1
        },
        {
            "strikeTime": 200.859375,
            "trackIndex": 1
        },
        {
            "strikeTime": 200.859375,
            "trackIndex": 2
        },
        {
            "strikeTime": 201.09375,
            "trackIndex": 1
        },
        {
            "strikeTime": 201.09375,
            "trackIndex": 2
        },
        {
            "strikeTime": 201.328125,
            "trackIndex": 1
        },
        {
            "strikeTime": 201.328125,
            "trackIndex": 2
        },
        {
            "strikeTime": 202.5,
            "trackIndex": 1
        },
        {
            "strikeTime": 202.734375,
            "trackIndex": 2
        },
        {
            "strikeTime": 203.90625,
            "trackIndex": 2
        },
        {
            "strikeTime": 204.84375,
            "trackIndex": 2
        },
        {
            "strikeTime": 205.078125,
            "trackIndex": 1
        },
        {
            "strikeTime": 205.3125,
            "trackIndex": 0
        },
        {
            "strikeTime": 205.78125,
            "trackIndex": 2
        },
        {
            "strikeTime": 207.65625,
            "trackIndex": 2
        },
        {
            "strikeTime": 208.125,
            "trackIndex": 1
        },
        {
            "strikeTime": 208.359375,
            "trackIndex": 2
        },
        {
            "strikeTime": 208.59375,
            "trackIndex": 1
        },
        {
            "strikeTime": 208.828125,
            "trackIndex": 2
        },
        {
            "strikeTime": 209.53125,
            "trackIndex": 2
        },
        {
            "strikeTime": 210.46875,
            "trackIndex": 2
        },
        {
            "strikeTime": 210.703125,
            "trackIndex": 1
        },
        {
            "strikeTime": 210.9375,
            "trackIndex": 2
        },
        {
            "strikeTime": 211.40625,
            "trackIndex": 2
        },
        {
            "strikeTime": 212.34375,
            "trackIndex": 2
        },
        {
            "strikeTime": 213.28125,
            "trackIndex": 2
        },
        {
            "strikeTime": 213.75,
            "trackIndex": 2
        },
        {
            "strikeTime": 213.75,
            "trackIndex": 1
        },
        {
            "strikeTime": 214.21875,
            "trackIndex": 2
        },
        {
            "strikeTime": 214.21875,
            "trackIndex": 1
        },
        {
            "strikeTime": 214.921875,
            "trackIndex": 2
        },
        {
            "strikeTime": 214.921875,
            "trackIndex": 1
        },
        {
            "strikeTime": 215.625,
            "trackIndex": 0
        },
        {
            "strikeTime": 215.625,
            "trackIndex": 2
        },
        {
            "strikeTime": 215.625,
            "trackIndex": 1
        }
    ],
    "rightNotes": [
        {
            "strikeTime": 7.5,
            "trackIndex": 1
        },
        {
            "strikeTime": 7.96875,
            "trackIndex": 1
        },
        {
            "strikeTime": 8.4375,
            "trackIndex": 1
        },
        {
            "strikeTime": 9.375,
            "trackIndex": 0
        },
        {
            "strikeTime": 9.84375,
            "trackIndex": 0
        },
        {
            "strikeTime": 10.3125,
            "trackIndex": 0
        },
        {
            "strikeTime": 11.25,
            "trackIndex": 1
        },
        {
            "strikeTime": 11.71875,
            "trackIndex": 1
        },
        {
            "strikeTime": 12.1875,
            "trackIndex": 1
        },
        {
            "strikeTime": 13.125,
            "trackIndex": 1
        },
        {
            "strikeTime": 13.359375,
            "trackIndex": 0
        },
        {
            "strikeTime": 13.59375,
            "trackIndex": 1
        },
        {
            "strikeTime": 13.828125,
            "trackIndex": 0
        },
        {
            "strikeTime": 14.0625,
            "trackIndex": 1
        },
        {
            "strikeTime": 14.296875,
            "trackIndex": 0
        },
        {
            "strikeTime": 14.53125,
            "trackIndex": 1
        },
        {
            "strikeTime": 14.765625,
            "trackIndex": 0
        },
        {
            "strikeTime": 24.375,
            "trackIndex": 1
        },
        {
            "strikeTime": 24.609375,
            "trackIndex": 0
        },
        {
            "strikeTime": 26.25,
            "trackIndex": 2
        },
        {
            "strikeTime": 26.484375,
            "trackIndex": 1
        },
        {
            "strikeTime": 26.71875,
            "trackIndex": 0
        },
        {
            "strikeTime": 28.59375,
            "trackIndex": 0
        },
        {
            "strikeTime": 28.828125,
            "trackIndex": 1
        },
        {
            "strikeTime": 29.0625,
            "trackIndex": 0
        },
        {
            "strikeTime": 30.0,
            "trackIndex": 1
        },
        {
            "strikeTime": 30.234375,
            "trackIndex": 0
        },
        {
            "strikeTime": 30.46875,
            "trackIndex": 1
        },
        {
            "strikeTime": 30.703125,
            "trackIndex": 2
        },
        {
            "strikeTime": 30.9375,
            "trackIndex": 1
        },
        {
            "strikeTime": 33.75,
            "trackIndex": 0
        },
        {
            "strikeTime": 34.21875,
            "trackIndex": 0
        },
        {
            "strikeTime": 34.453125,
            "trackIndex": 1
        },
        {
            "strikeTime": 34.6875,
            "trackIndex": 0
        },
        {
            "strikeTime": 35.625,
            "trackIndex": 1
        },
        {
            "strikeTime": 35.859375,
            "trackIndex": 0
        },
        {
            "strikeTime": 36.796875,
            "trackIndex": 0
        },
        {
            "strikeTime": 37.03125,
            "trackIndex": 1
        },
        {
            "strikeTime": 37.265625,
            "trackIndex": 0
        },
        {
            "strikeTime": 41.25,
            "trackIndex": 2
        },
        {
            "strikeTime": 41.25,
            "trackIndex": 0
        },
        {
            "strikeTime": 41.25,
            "trackIndex": 1
        },
        {
            "strikeTime": 42.1875,
            "trackIndex": 2
        },
        {
            "strikeTime": 42.1875,
            "trackIndex": 1
        },
        {
            "strikeTime": 42.1875,
            "trackIndex": 0
        },
        {
            "strikeTime": 43.125,
            "trackIndex": 1
        },
        {
            "strikeTime": 43.125,
            "trackIndex": 0
        },
        {
            "strikeTime": 43.59375,
            "trackIndex": 0
        },
        {
            "strikeTime": 43.59375,
            "trackIndex": 1
        },
        {
            "strikeTime": 44.0625,
            "trackIndex": 1
        },
        {
            "strikeTime": 44.0625,
            "trackIndex": 0
        },
        {
            "strikeTime": 44.53125,
            "trackIndex": 1
        },
        {
            "strikeTime": 44.53125,
            "trackIndex": 0
        },
        {
            "strikeTime": 45.0,
            "trackIndex": 1
        },
        {
            "strikeTime": 45.234375,
            "trackIndex": 0
        },
        {
            "strikeTime": 45.703125,
            "trackIndex": 0
        },
        {
            "strikeTime": 46.640625,
            "trackIndex": 0
        },
        {
            "strikeTime": 46.875,
            "trackIndex": 1
        },
        {
            "strikeTime": 47.109375,
            "trackIndex": 0
        },
        {
            "strikeTime": 47.578125,
            "trackIndex": 0
        },
        {
            "strikeTime": 48.515625,
            "trackIndex": 0
        },
        {
            "strikeTime": 48.984375,
            "trackIndex": 0
        },
        {
            "strikeTime": 49.453125,
            "trackIndex": 0
        },
        {
            "strikeTime": 49.921875,
            "trackIndex": 1
        },
        {
            "strikeTime": 50.390625,
            "trackIndex": 1
        },
        {
            "strikeTime": 50.625,
            "trackIndex": 0
        },
        {
            "strikeTime": 51.796875,
            "trackIndex": 1
        },
        {
            "strikeTime": 52.03125,
            "trackIndex": 0
        },
        {
            "strikeTime": 52.734375,
            "trackIndex": 0
        },
        {
            "strikeTime": 52.96875,
            "trackIndex": 0
        },
        {
            "strikeTime": 53.203125,
            "trackIndex": 1
        },
        {
            "strikeTime": 53.7890625,
            "trackIndex": 0
        },
        {
            "strikeTime": 54.140625,
            "trackIndex": 1
        },
        {
            "strikeTime": 54.375,
            "trackIndex": 1
        },
        {
            "strikeTime": 54.609375,
            "trackIndex": 0
        },
        {
            "strikeTime": 54.84375,
            "trackIndex": 0
        },
        {
            "strikeTime": 55.3125,
            "trackIndex": 1
        },
        {
            "strikeTime": 55.546875,
            "trackIndex": 0
        },
        {
            "strikeTime": 55.78125,
            "trackIndex": 0
        },
        {
            "strikeTime": 56.6015625,
            "trackIndex": 0
        },
        {
            "strikeTime": 56.953125,
            "trackIndex": 1
        },
        {
            "strikeTime": 57.1875,
            "trackIndex": 1
        },
        {
            "strikeTime": 57.421875,
            "trackIndex": 0
        },
        {
            "strikeTime": 57.65625,
            "trackIndex": 0
        },
        {
            "strikeTime": 58.4765625,
            "trackIndex": 0
        },
        {
            "strikeTime": 58.828125,
            "trackIndex": 1
        },
        {
            "strikeTime": 59.0625,
            "trackIndex": 1
        },
        {
            "strikeTime": 59.296875,
            "trackIndex": 0
        },
        {
            "strikeTime": 59.53125,
            "trackIndex": 0
        },
        {
            "strikeTime": 60.0,
            "trackIndex": 0
        },
        {
            "strikeTime": 60.0,
            "trackIndex": 1
        },
        {
            "strikeTime": 60.234375,
            "trackIndex": 1
        },
        {
            "strikeTime": 60.234375,
            "trackIndex": 0
        },
        {
            "strikeTime": 60.46875,
            "trackIndex": 1
        },
        {
            "strikeTime": 60.46875,
            "trackIndex": 0
        },
        {
            "strikeTime": 60.703125,
            "trackIndex": 1
        },
        {
            "strikeTime": 60.703125,
            "trackIndex": 0
        },
        {
            "strikeTime": 60.9375,
            "trackIndex": 1
        },
        {
            "strikeTime": 60.9375,
            "trackIndex": 0
        },
        {
            "strikeTime": 61.171875,
            "trackIndex": 1
        },
        {
            "strikeTime": 61.171875,
            "trackIndex": 0
        },
        {
            "strikeTime": 61.40625,
            "trackIndex": 1
        },
        {
            "strikeTime": 61.40625,
            "trackIndex": 0
        },
        {
            "strikeTime": 61.640625,
            "trackIndex": 1
        },
        {
            "strikeTime": 61.640625,
            "trackIndex": 0
        },
        {
            "strikeTime": 63.75,
            "trackIndex": 0
        },
        {
            "strikeTime": 63.75,
            "trackIndex": 1
        },
        {
            "strikeTime": 64.21875,
            "trackIndex": 1
        },
        {
            "strikeTime": 64.21875,
            "trackIndex": 0
        },
        {
            "strikeTime": 64.6875,
            "trackIndex": 0
        },
        {
            "strikeTime": 64.6875,
            "trackIndex": 1
        },
        {
            "strikeTime": 65.15625,
            "trackIndex": 1
        },
        {
            "strikeTime": 65.15625,
            "trackIndex": 0
        },
        {
            "strikeTime": 65.625,
            "trackIndex": 1
        },
        {
            "strikeTime": 65.859375,
            "trackIndex": 0
        },
        {
            "strikeTime": 67.5,
            "trackIndex": 2
        },
        {
            "strikeTime": 67.5,
            "trackIndex": 1
        },
        {
            "strikeTime": 67.5,
            "trackIndex": 0
        },
        {
            "strikeTime": 68.4375,
            "trackIndex": 2
        },
        {
            "strikeTime": 68.4375,
            "trackIndex": 0
        },
        {
            "strikeTime": 68.4375,
            "trackIndex": 1
        },
        {
            "strikeTime": 68.90625,
            "trackIndex": 0
        },
        {
            "strikeTime": 70.078125,
            "trackIndex": 0
        },
        {
            "strikeTime": 70.3125,
            "trackIndex": 0
        },
        {
            "strikeTime": 70.546875,
            "trackIndex": 2
        },
        {
            "strikeTime": 70.546875,
            "trackIndex": 1
        },
        {
            "strikeTime": 70.78125,
            "trackIndex": 2
        },
        {
            "strikeTime": 70.78125,
            "trackIndex": 1
        },
        {
            "strikeTime": 71.015625,
            "trackIndex": 2
        },
        {
            "strikeTime": 71.015625,
            "trackIndex": 1
        },
        {
            "strikeTime": 71.71875,
            "trackIndex": 0
        },
        {
            "strikeTime": 71.71875,
            "trackIndex": 2
        },
        {
            "strikeTime": 71.71875,
            "trackIndex": 1
        },
        {
            "strikeTime": 72.65625,
            "trackIndex": 2
        },
        {
            "strikeTime": 72.65625,
            "trackIndex": 1
        },
        {
            "strikeTime": 72.890625,
            "trackIndex": 2
        },
        {
            "strikeTime": 72.890625,
            "trackIndex": 1
        },
        {
            "strikeTime": 73.125,
            "trackIndex": 1
        },
        {
            "strikeTime": 73.125,
            "trackIndex": 2
        },
        {
            "strikeTime": 73.359375,
            "trackIndex": 0
        },
        {
            "strikeTime": 73.59375,
            "trackIndex": 0
        },
        {
            "strikeTime": 73.828125,
            "trackIndex": 0
        },
        {
            "strikeTime": 75.0,
            "trackIndex": 2
        },
        {
            "strikeTime": 75.0,
            "trackIndex": 1
        },
        {
            "strikeTime": 75.0,
            "trackIndex": 0
        },
        {
            "strikeTime": 75.9375,
            "trackIndex": 2
        },
        {
            "strikeTime": 75.9375,
            "trackIndex": 1
        },
        {
            "strikeTime": 75.9375,
            "trackIndex": 0
        },
        {
            "strikeTime": 76.640625,
            "trackIndex": 1
        },
        {
            "strikeTime": 76.640625,
            "trackIndex": 0
        },
        {
            "strikeTime": 77.109375,
            "trackIndex": 1
        },
        {
            "strikeTime": 77.109375,
            "trackIndex": 0
        },
        {
            "strikeTime": 77.34375,
            "trackIndex": 0
        },
        {
            "strikeTime": 77.34375,
            "trackIndex": 1
        },
        {
            "strikeTime": 77.578125,
            "trackIndex": 1
        },
        {
            "strikeTime": 77.578125,
            "trackIndex": 0
        },
        {
            "strikeTime": 78.75,
            "trackIndex": 2
        },
        {
            "strikeTime": 78.75,
            "trackIndex": 1
        },
        {
            "strikeTime": 78.75,
            "trackIndex": 0
        },
        {
            "strikeTime": 79.6875,
            "trackIndex": 2
        },
        {
            "strikeTime": 79.6875,
            "trackIndex": 1
        },
        {
            "strikeTime": 79.6875,
            "trackIndex": 0
        },
        {
            "strikeTime": 80.390625,
            "trackIndex": 1
        },
        {
            "strikeTime": 80.390625,
            "trackIndex": 0
        },
        {
            "strikeTime": 80.859375,
            "trackIndex": 1
        },
        {
            "strikeTime": 80.859375,
            "trackIndex": 0
        },
        {
            "strikeTime": 81.09375,
            "trackIndex": 1
        },
        {
            "strikeTime": 81.09375,
            "trackIndex": 0
        },
        {
            "strikeTime": 81.328125,
            "trackIndex": 1
        },
        {
            "strikeTime": 81.328125,
            "trackIndex": 0
        },
        {
            "strikeTime": 82.5,
            "trackIndex": 2
        },
        {
            "strikeTime": 82.5,
            "trackIndex": 0
        },
        {
            "strikeTime": 82.5,
            "trackIndex": 1
        },
        {
            "strikeTime": 83.4375,
            "trackIndex": 2
        },
        {
            "strikeTime": 83.4375,
            "trackIndex": 1
        },
        {
            "strikeTime": 83.4375,
            "trackIndex": 0
        },
        {
            "strikeTime": 84.140625,
            "trackIndex": 1
        },
        {
            "strikeTime": 84.140625,
            "trackIndex": 0
        },
        {
            "strikeTime": 84.609375,
            "trackIndex": 1
        },
        {
            "strikeTime": 84.609375,
            "trackIndex": 0
        },
        {
            "strikeTime": 84.84375,
            "trackIndex": 1
        },
        {
            "strikeTime": 84.84375,
            "trackIndex": 0
        },
        {
            "strikeTime": 85.078125,
            "trackIndex": 1
        },
        {
            "strikeTime": 85.078125,
            "trackIndex": 0
        },
        {
            "strikeTime": 86.25,
            "trackIndex": 2
        },
        {
            "strikeTime": 86.25,
            "trackIndex": 1
        },
        {
            "strikeTime": 86.25,
            "trackIndex": 0
        },
        {
            "strikeTime": 87.1875,
            "trackIndex": 0
        },
        {
            "strikeTime": 87.1875,
            "trackIndex": 2
        },
        {
            "strikeTime": 87.1875,
            "trackIndex": 1
        },
        {
            "strikeTime": 87.890625,
            "trackIndex": 0
        },
        {
            "strikeTime": 87.890625,
            "trackIndex": 1
        },
        {
            "strikeTime": 88.359375,
            "trackIndex": 1
        },
        {
            "strikeTime": 88.359375,
            "trackIndex": 0
        },
        {
            "strikeTime": 88.59375,
            "trackIndex": 1
        },
        {
            "strikeTime": 88.59375,
            "trackIndex": 0
        },
        {
            "strikeTime": 88.828125,
            "trackIndex": 1
        },
        {
            "strikeTime": 88.828125,
            "trackIndex": 0
        },
        {
            "strikeTime": 90.0,
            "trackIndex": 2
        },
        {
            "strikeTime": 90.0,
            "trackIndex": 1
        },
        {
            "strikeTime": 90.0,
            "trackIndex": 0
        },
        {
            "strikeTime": 90.9375,
            "trackIndex": 2
        },
        {
            "strikeTime": 90.9375,
            "trackIndex": 1
        },
        {
            "strikeTime": 90.9375,
            "trackIndex": 0
        },
        {
            "strikeTime": 91.640625,
            "trackIndex": 1
        },
        {
            "strikeTime": 91.640625,
            "trackIndex": 0
        },
        {
            "strikeTime": 92.109375,
            "trackIndex": 1
        },
        {
            "strikeTime": 92.109375,
            "trackIndex": 0
        },
        {
            "strikeTime": 92.34375,
            "trackIndex": 1
        },
        {
            "strikeTime": 92.34375,
            "trackIndex": 0
        },
        {
            "strikeTime": 92.578125,
            "trackIndex": 1
        },
        {
            "strikeTime": 92.578125,
            "trackIndex": 0
        },
        {
            "strikeTime": 93.75,
            "trackIndex": 2
        },
        {
            "strikeTime": 93.75,
            "trackIndex": 1
        },
        {
            "strikeTime": 93.75,
            "trackIndex": 0
        },
        {
            "strikeTime": 94.21875,
            "trackIndex": 0
        },
        {
            "strikeTime": 94.21875,
            "trackIndex": 2
        },
        {
            "strikeTime": 94.21875,
            "trackIndex": 1
        },
        {
            "strikeTime": 94.6875,
            "trackIndex": 2
        },
        {
            "strikeTime": 94.6875,
            "trackIndex": 1
        },
        {
            "strikeTime": 94.6875,
            "trackIndex": 0
        },
        {
            "strikeTime": 95.390625,
            "trackIndex": 0
        },
        {
            "strikeTime": 95.390625,
            "trackIndex": 1
        },
        {
            "strikeTime": 95.390625,
            "trackIndex": 2
        },
        {
            "strikeTime": 95.859375,
            "trackIndex": 0
        },
        {
            "strikeTime": 95.859375,
            "trackIndex": 1
        },
        {
            "strikeTime": 96.328125,
            "trackIndex": 1
        },
        {
            "strikeTime": 96.328125,
            "trackIndex": 0
        },
        {
            "strikeTime": 96.796875,
            "trackIndex": 1
        },
        {
            "strikeTime": 96.796875,
            "trackIndex": 0
        },
        {
            "strikeTime": 97.265625,
            "trackIndex": 0
        },
        {
            "strikeTime": 97.265625,
            "trackIndex": 1
        },
        {
            "strikeTime": 97.96875,
            "trackIndex": 0
        },
        {
            "strikeTime": 98.203125,
            "trackIndex": 1
        },
        {
            "strikeTime": 98.4375,
            "trackIndex": 0
        },
        {
            "strikeTime": 98.90625,
            "trackIndex": 0
        },
        {
            "strikeTime": 99.375,
            "trackIndex": 1
        },
        {
            "strikeTime": 99.609375,
            "trackIndex": 0
        },
        {
            "strikeTime": 100.78125,
            "trackIndex": 0
        },
        {
            "strikeTime": 101.25,
            "trackIndex": 1
        },
        {
            "strikeTime": 101.484375,
            "trackIndex": 0
        },
        {
            "strikeTime": 102.65625,
            "trackIndex": 0
        },
        {
            "strikeTime": 103.59375,
            "trackIndex": 0
        },
        {
            "strikeTime": 103.828125,
            "trackIndex": 1
        },
        {
            "strikeTime": 104.53125,
            "trackIndex": 0
        },
        {
            "strikeTime": 104.765625,
            "trackIndex": 1
        },
        {
            "strikeTime": 105.46875,
            "trackIndex": 0
        },
        {
            "strikeTime": 105.703125,
            "trackIndex": 1
        },
        {
            "strikeTime": 105.9375,
            "trackIndex": 0
        },
        {
            "strikeTime": 106.40625,
            "trackIndex": 0
        },
        {
            "strikeTime": 106.875,
            "trackIndex": 1
        },
        {
            "strikeTime": 107.109375,
            "trackIndex": 0
        },
        {
            "strikeTime": 108.28125,
            "trackIndex": 0
        },
        {
            "strikeTime": 108.75,
            "trackIndex": 1
        },
        {
            "strikeTime": 108.984375,
            "trackIndex": 0
        },
        {
            "strikeTime": 110.15625,
            "trackIndex": 0
        },
        {
            "strikeTime": 110.625,
            "trackIndex": 1
        },
        {
            "strikeTime": 110.859375,
            "trackIndex": 0
        },
        {
            "strikeTime": 111.5625,
            "trackIndex": 1
        },
        {
            "strikeTime": 111.796875,
            "trackIndex": 0
        },
        {
            "strikeTime": 112.5,
            "trackIndex": 1
        },
        {
            "strikeTime": 112.734375,
            "trackIndex": 0
        },
        {
            "strikeTime": 112.96875,
            "trackIndex": 1
        },
        {
            "strikeTime": 113.203125,
            "trackIndex": 0
        },
        {
            "strikeTime": 113.4375,
            "trackIndex": 1
        },
        {
            "strikeTime": 113.90625,
            "trackIndex": 1
        },
        {
            "strikeTime": 113.90625,
            "trackIndex": 0
        },
        {
            "strikeTime": 116.25,
            "trackIndex": 0
        },
        {
            "strikeTime": 116.71875,
            "trackIndex": 0
        },
        {
            "strikeTime": 117.1875,
            "trackIndex": 0
        },
        {
            "strikeTime": 117.65625,
            "trackIndex": 0
        },
        {
            "strikeTime": 118.59375,
            "trackIndex": 0
        },
        {
            "strikeTime": 118.828125,
            "trackIndex": 1
        },
        {
            "strikeTime": 120.0,
            "trackIndex": 1
        },
        {
            "strikeTime": 120.3515625,
            "trackIndex": 0
        },
        {
            "strikeTime": 121.40625,
            "trackIndex": 0
        },
        {
            "strikeTime": 122.109375,
            "trackIndex": 0
        },
        {
            "strikeTime": 122.34375,
            "trackIndex": 0
        },
        {
            "strikeTime": 122.578125,
            "trackIndex": 1
        },
        {
            "strikeTime": 122.8125,
            "trackIndex": 1
        },
        {
            "strikeTime": 123.28125,
            "trackIndex": 0
        },
        {
            "strikeTime": 123.75,
            "trackIndex": 1
        },
        {
            "strikeTime": 123.984375,
            "trackIndex": 0
        },
        {
            "strikeTime": 124.21875,
            "trackIndex": 0
        },
        {
            "strikeTime": 125.15625,
            "trackIndex": 0
        },
        {
            "strikeTime": 125.859375,
            "trackIndex": 0
        },
        {
            "strikeTime": 126.328125,
            "trackIndex": 0
        },
        {
            "strikeTime": 126.796875,
            "trackIndex": 0
        },
        {
            "strikeTime": 127.265625,
            "trackIndex": 0
        },
        {
            "strikeTime": 127.5,
            "trackIndex": 2
        },
        {
            "strikeTime": 127.734375,
            "trackIndex": 1
        },
        {
            "strikeTime": 127.96875,
            "trackIndex": 0
        },
        {
            "strikeTime": 130.078125,
            "trackIndex": 0
        },
        {
            "strikeTime": 130.3125,
            "trackIndex": 1
        },
        {
            "strikeTime": 130.78125,
            "trackIndex": 1
        },
        {
            "strikeTime": 131.015625,
            "trackIndex": 2
        },
        {
            "strikeTime": 131.25,
            "trackIndex": 1
        },
        {
            "strikeTime": 131.484375,
            "trackIndex": 0
        },
        {
            "strikeTime": 133.59375,
            "trackIndex": 0
        },
        {
            "strikeTime": 133.828125,
            "trackIndex": 1
        },
        {
            "strikeTime": 134.0625,
            "trackIndex": 0
        },
        {
            "strikeTime": 135.0,
            "trackIndex": 0
        },
        {
            "strikeTime": 135.234375,
            "trackIndex": 1
        },
        {
            "strikeTime": 135.46875,
            "trackIndex": 2
        },
        {
            "strikeTime": 135.703125,
            "trackIndex": 1
        },
        {
            "strikeTime": 135.9375,
            "trackIndex": 0
        },
        {
            "strikeTime": 136.875,
            "trackIndex": 0
        },
        {
            "strikeTime": 137.109375,
            "trackIndex": 1
        },
        {
            "strikeTime": 137.34375,
            "trackIndex": 0
        },
        {
            "strikeTime": 138.75,
            "trackIndex": 0
        },
        {
            "strikeTime": 138.984375,
            "trackIndex": 1
        },
        {
            "strikeTime": 139.21875,
            "trackIndex": 2
        },
        {
            "strikeTime": 139.453125,
            "trackIndex": 1
        },
        {
            "strikeTime": 139.6875,
            "trackIndex": 0
        },
        {
            "strikeTime": 140.625,
            "trackIndex": 0
        },
        {
            "strikeTime": 140.625,
            "trackIndex": 1
        },
        {
            "strikeTime": 141.09375,
            "trackIndex": 1
        },
        {
            "strikeTime": 141.09375,
            "trackIndex": 0
        },
        {
            "strikeTime": 141.5625,
            "trackIndex": 1
        },
        {
            "strikeTime": 141.5625,
            "trackIndex": 0
        },
        {
            "strikeTime": 142.03125,
            "trackIndex": 1
        },
        {
            "strikeTime": 142.03125,
            "trackIndex": 0
        },
        {
            "strikeTime": 142.5,
            "trackIndex": 1
        },
        {
            "strikeTime": 142.734375,
            "trackIndex": 0
        },
        {
            "strikeTime": 142.96875,
            "trackIndex": 1
        },
        {
            "strikeTime": 143.203125,
            "trackIndex": 0
        },
        {
            "strikeTime": 143.90625,
            "trackIndex": 1
        },
        {
            "strikeTime": 144.140625,
            "trackIndex": 0
        },
        {
            "strikeTime": 145.3125,
            "trackIndex": 1
        },
        {
            "strikeTime": 145.3125,
            "trackIndex": 0
        },
        {
            "strikeTime": 146.25,
            "trackIndex": 1
        },
        {
            "strikeTime": 146.25,
            "trackIndex": 0
        },
        {
            "strikeTime": 146.953125,
            "trackIndex": 0
        },
        {
            "strikeTime": 147.65625,
            "trackIndex": 0
        },
        {
            "strikeTime": 148.59375,
            "trackIndex": 0
        },
        {
            "strikeTime": 148.828125,
            "trackIndex": 1
        },
        {
            "strikeTime": 149.0625,
            "trackIndex": 2
        },
        {
            "strikeTime": 149.296875,
            "trackIndex": 1
        },
        {
            "strikeTime": 149.53125,
            "trackIndex": 0
        },
        {
            "strikeTime": 150.0,
            "trackIndex": 0
        },
        {
            "strikeTime": 150.46875,
            "trackIndex": 1
        },
        {
            "strikeTime": 150.703125,
            "trackIndex": 0
        },
        {
            "strikeTime": 151.171875,
            "trackIndex": 0
        },
        {
            "strikeTime": 151.40625,
            "trackIndex": 1
        },
        {
            "strikeTime": 151.640625,
            "trackIndex": 0
        },
        {
            "strikeTime": 151.875,
            "trackIndex": 1
        },
        {
            "strikeTime": 152.34375,
            "trackIndex": 0
        },
        {
            "strikeTime": 152.578125,
            "trackIndex": 1
        },
        {
            "strikeTime": 152.8125,
            "trackIndex": 0
        },
        {
            "strikeTime": 153.28125,
            "trackIndex": 1
        },
        {
            "strikeTime": 153.75,
            "trackIndex": 0
        },
        {
            "strikeTime": 154.21875,
            "trackIndex": 1
        },
        {
            "strikeTime": 154.453125,
            "trackIndex": 0
        },
        {
            "strikeTime": 154.6875,
            "trackIndex": 1
        },
        {
            "strikeTime": 155.15625,
            "trackIndex": 0
        },
        {
            "strikeTime": 155.390625,
            "trackIndex": 1
        },
        {
            "strikeTime": 157.5,
            "trackIndex": 1
        },
        {
            "strikeTime": 157.5,
            "trackIndex": 0
        },
        {
            "strikeTime": 158.203125,
            "trackIndex": 1
        },
        {
            "strikeTime": 158.203125,
            "trackIndex": 0
        },
        {
            "strikeTime": 158.90625,
            "trackIndex": 0
        },
        {
            "strikeTime": 158.90625,
            "trackIndex": 1
        },
        {
            "strikeTime": 159.375,
            "trackIndex": 0
        },
        {
            "strikeTime": 159.375,
            "trackIndex": 1
        },
        {
            "strikeTime": 159.84375,
            "trackIndex": 0
        },
        {
            "strikeTime": 159.84375,
            "trackIndex": 1
        },
        {
            "strikeTime": 160.3125,
            "trackIndex": 1
        },
        {
            "strikeTime": 160.3125,
            "trackIndex": 0
        },
        {
            "strikeTime": 161.015625,
            "trackIndex": 1
        },
        {
            "strikeTime": 161.015625,
            "trackIndex": 0
        },
        {
            "strikeTime": 161.71875,
            "trackIndex": 1
        },
        {
            "strikeTime": 161.71875,
            "trackIndex": 0
        },
        {
            "strikeTime": 162.1875,
            "trackIndex": 1
        },
        {
            "strikeTime": 162.1875,
            "trackIndex": 0
        },
        {
            "strikeTime": 162.890625,
            "trackIndex": 1
        },
        {
            "strikeTime": 162.890625,
            "trackIndex": 0
        },
        {
            "strikeTime": 163.359375,
            "trackIndex": 1
        },
        {
            "strikeTime": 163.359375,
            "trackIndex": 0
        },
        {
            "strikeTime": 163.828125,
            "trackIndex": 0
        },
        {
            "strikeTime": 163.828125,
            "trackIndex": 1
        },
        {
            "strikeTime": 164.296875,
            "trackIndex": 1
        },
        {
            "strikeTime": 164.296875,
            "trackIndex": 0
        },
        {
            "strikeTime": 164.765625,
            "trackIndex": 1
        },
        {
            "strikeTime": 164.765625,
            "trackIndex": 0
        },
        {
            "strikeTime": 165.46875,
            "trackIndex": 1
        },
        {
            "strikeTime": 165.46875,
            "trackIndex": 0
        },
        {
            "strikeTime": 165.9375,
            "trackIndex": 0
        },
        {
            "strikeTime": 165.9375,
            "trackIndex": 1
        },
        {
            "strikeTime": 166.40625,
            "trackIndex": 1
        },
        {
            "strikeTime": 166.40625,
            "trackIndex": 0
        },
        {
            "strikeTime": 166.875,
            "trackIndex": 1
        },
        {
            "strikeTime": 166.875,
            "trackIndex": 0
        },
        {
            "strikeTime": 167.578125,
            "trackIndex": 1
        },
        {
            "strikeTime": 167.578125,
            "trackIndex": 0
        },
        {
            "strikeTime": 168.28125,
            "trackIndex": 0
        },
        {
            "strikeTime": 168.28125,
            "trackIndex": 1
        },
        {
            "strikeTime": 168.75,
            "trackIndex": 1
        },
        {
            "strikeTime": 168.75,
            "trackIndex": 0
        },
        {
            "strikeTime": 169.453125,
            "trackIndex": 1
        },
        {
            "strikeTime": 169.453125,
            "trackIndex": 0
        },
        {
            "strikeTime": 170.15625,
            "trackIndex": 0
        },
        {
            "strikeTime": 170.15625,
            "trackIndex": 1
        },
        {
            "strikeTime": 170.390625,
            "trackIndex": 1
        },
        {
            "strikeTime": 170.390625,
            "trackIndex": 0
        },
        {
            "strikeTime": 171.328125,
            "trackIndex": 0
        },
        {
            "strikeTime": 171.5625,
            "trackIndex": 2
        },
        {
            "strikeTime": 171.796875,
            "trackIndex": 1
        },
        {
            "strikeTime": 172.03125,
            "trackIndex": 0
        },
        {
            "strikeTime": 172.5,
            "trackIndex": 2
        },
        {
            "strikeTime": 172.5,
            "trackIndex": 1
        },
        {
            "strikeTime": 172.5,
            "trackIndex": 0
        },
        {
            "strikeTime": 173.4375,
            "trackIndex": 1
        },
        {
            "strikeTime": 173.4375,
            "trackIndex": 0
        },
        {
            "strikeTime": 173.4375,
            "trackIndex": 2
        },
        {
            "strikeTime": 174.140625,
            "trackIndex": 1
        },
        {
            "strikeTime": 174.140625,
            "trackIndex": 0
        },
        {
            "strikeTime": 175.3125,
            "trackIndex": 1
        },
        {
            "strikeTime": 175.3125,
            "trackIndex": 0
        },
        {
            "strikeTime": 175.546875,
            "trackIndex": 1
        },
        {
            "strikeTime": 175.546875,
            "trackIndex": 0
        },
        {
            "strikeTime": 175.78125,
            "trackIndex": 1
        },
        {
            "strikeTime": 175.78125,
            "trackIndex": 0
        },
        {
            "strikeTime": 176.015625,
            "trackIndex": 1
        },
        {
            "strikeTime": 176.015625,
            "trackIndex": 0
        },
        {
            "strikeTime": 176.71875,
            "trackIndex": 2
        },
        {
            "strikeTime": 176.71875,
            "trackIndex": 1
        },
        {
            "strikeTime": 176.71875,
            "trackIndex": 0
        },
        {
            "strikeTime": 177.65625,
            "trackIndex": 1
        },
        {
            "strikeTime": 177.65625,
            "trackIndex": 0
        },
        {
            "strikeTime": 178.125,
            "trackIndex": 0
        },
        {
            "strikeTime": 178.125,
            "trackIndex": 1
        },
        {
            "strikeTime": 178.359375,
            "trackIndex": 0
        },
        {
            "strikeTime": 178.359375,
            "trackIndex": 1
        },
        {
            "strikeTime": 178.59375,
            "trackIndex": 0
        },
        {
            "strikeTime": 178.59375,
            "trackIndex": 1
        },
        {
            "strikeTime": 178.828125,
            "trackIndex": 0
        },
        {
            "strikeTime": 178.828125,
            "trackIndex": 1
        },
        {
            "strikeTime": 180.0,
            "trackIndex": 2
        },
        {
            "strikeTime": 180.0,
            "trackIndex": 1
        },
        {
            "strikeTime": 180.0,
            "trackIndex": 0
        },
        {
            "strikeTime": 180.9375,
            "trackIndex": 2
        },
        {
            "strikeTime": 180.9375,
            "trackIndex": 1
        },
        {
            "strikeTime": 180.9375,
            "trackIndex": 0
        },
        {
            "strikeTime": 181.640625,
            "trackIndex": 1
        },
        {
            "strikeTime": 181.640625,
            "trackIndex": 0
        },
        {
            "strikeTime": 182.8125,
            "trackIndex": 1
        },
        {
            "strikeTime": 182.8125,
            "trackIndex": 0
        },
        {
            "strikeTime": 183.046875,
            "trackIndex": 0
        },
        {
            "strikeTime": 183.046875,
            "trackIndex": 1
        },
        {
            "strikeTime": 183.28125,
            "trackIndex": 1
        },
        {
            "strikeTime": 183.28125,
            "trackIndex": 0
        },
        {
            "strikeTime": 183.515625,
            "trackIndex": 1
        },
        {
            "strikeTime": 183.515625,
            "trackIndex": 0
        },
        {
            "strikeTime": 184.21875,
            "trackIndex": 2
        },
        {
            "strikeTime": 184.21875,
            "trackIndex": 1
        },
        {
            "strikeTime": 184.21875,
            "trackIndex": 0
        },
        {
            "strikeTime": 185.15625,
            "trackIndex": 1
        },
        {
            "strikeTime": 185.15625,
            "trackIndex": 0
        },
        {
            "strikeTime": 186.5625,
            "trackIndex": 1
        },
        {
            "strikeTime": 186.5625,
            "trackIndex": 0
        },
        {
            "strikeTime": 187.5,
            "trackIndex": 1
        },
        {
            "strikeTime": 187.5,
            "trackIndex": 0
        },
        {
            "strikeTime": 187.5,
            "trackIndex": 2
        },
        {
            "strikeTime": 188.4375,
            "trackIndex": 0
        },
        {
            "strikeTime": 188.4375,
            "trackIndex": 2
        },
        {
            "strikeTime": 188.4375,
            "trackIndex": 1
        },
        {
            "strikeTime": 189.140625,
            "trackIndex": 1
        },
        {
            "strikeTime": 189.140625,
            "trackIndex": 0
        },
        {
            "strikeTime": 190.3125,
            "trackIndex": 1
        },
        {
            "strikeTime": 190.3125,
            "trackIndex": 0
        },
        {
            "strikeTime": 190.546875,
            "trackIndex": 0
        },
        {
            "strikeTime": 190.546875,
            "trackIndex": 1
        },
        {
            "strikeTime": 190.78125,
            "trackIndex": 1
        },
        {
            "strikeTime": 190.78125,
            "trackIndex": 0
        },
        {
            "strikeTime": 191.015625,
            "trackIndex": 0
        },
        {
            "strikeTime": 191.015625,
            "trackIndex": 1
        },
        {
            "strikeTime": 191.71875,
            "trackIndex": 2
        },
        {
            "strikeTime": 191.71875,
            "trackIndex": 1
        },
        {
            "strikeTime": 191.71875,
            "trackIndex": 0
        },
        {
            "strikeTime": 192.65625,
            "trackIndex": 1
        },
        {
            "strikeTime": 192.65625,
            "trackIndex": 0
        },
        {
            "strikeTime": 193.125,
            "trackIndex": 1
        },
        {
            "strikeTime": 193.125,
            "trackIndex": 0
        },
        {
            "strikeTime": 193.359375,
            "trackIndex": 0
        },
        {
            "strikeTime": 193.359375,
            "trackIndex": 1
        },
        {
            "strikeTime": 193.59375,
            "trackIndex": 0
        },
        {
            "strikeTime": 193.59375,
            "trackIndex": 1
        },
        {
            "strikeTime": 193.828125,
            "trackIndex": 0
        },
        {
            "strikeTime": 193.828125,
            "trackIndex": 1
        },
        {
            "strikeTime": 195.0,
            "trackIndex": 2
        },
        {
            "strikeTime": 195.0,
            "trackIndex": 1
        },
        {
            "strikeTime": 195.0,
            "trackIndex": 0
        },
        {
            "strikeTime": 195.9375,
            "trackIndex": 2
        },
        {
            "strikeTime": 195.9375,
            "trackIndex": 1
        },
        {
            "strikeTime": 195.9375,
            "trackIndex": 0
        },
        {
            "strikeTime": 196.640625,
            "trackIndex": 1
        },
        {
            "strikeTime": 196.640625,
            "trackIndex": 0
        },
        {
            "strikeTime": 197.8125,
            "trackIndex": 1
        },
        {
            "strikeTime": 197.8125,
            "trackIndex": 0
        },
        {
            "strikeTime": 198.046875,
            "trackIndex": 0
        },
        {
            "strikeTime": 198.046875,
            "trackIndex": 1
        },
        {
            "strikeTime": 198.28125,
            "trackIndex": 1
        },
        {
            "strikeTime": 198.28125,
            "trackIndex": 0
        },
        {
            "strikeTime": 198.515625,
            "trackIndex": 0
        },
        {
            "strikeTime": 198.515625,
            "trackIndex": 1
        },
        {
            "strikeTime": 199.21875,
            "trackIndex": 2
        },
        {
            "strikeTime": 199.21875,
            "trackIndex": 1
        },
        {
            "strikeTime": 199.21875,
            "trackIndex": 0
        },
        {
            "strikeTime": 200.15625,
            "trackIndex": 1
        },
        {
            "strikeTime": 200.15625,
            "trackIndex": 0
        },
        {
            "strikeTime": 200.625,
            "trackIndex": 0
        },
        {
            "strikeTime": 200.625,
            "trackIndex": 1
        },
        {
            "strikeTime": 201.5625,
            "trackIndex": 1
        },
        {
            "strikeTime": 201.5625,
            "trackIndex": 0
        },
        {
            "strikeTime": 201.796875,
            "trackIndex": 1
        },
        {
            "strikeTime": 201.796875,
            "trackIndex": 0
        },
        {
            "strikeTime": 202.03125,
            "trackIndex": 0
        },
        {
            "strikeTime": 202.03125,
            "trackIndex": 1
        },
        {
            "strikeTime": 202.265625,
            "trackIndex": 0
        },
        {
            "strikeTime": 202.265625,
            "trackIndex": 1
        },
        {
            "strikeTime": 202.96875,
            "trackIndex": 0
        },
        {
            "strikeTime": 203.203125,
            "trackIndex": 1
        },
        {
            "strikeTime": 203.4375,
            "trackIndex": 2
        },
        {
            "strikeTime": 203.90625,
            "trackIndex": 0
        },
        {
            "strikeTime": 204.375,
            "trackIndex": 1
        },
        {
            "strikeTime": 204.609375,
            "trackIndex": 0
        },
        {
            "strikeTime": 205.78125,
            "trackIndex": 0
        },
        {
            "strikeTime": 206.25,
            "trackIndex": 1
        },
        {
            "strikeTime": 206.484375,
            "trackIndex": 0
        },
        {
            "strikeTime": 206.71875,
            "trackIndex": 1
        },
        {
            "strikeTime": 206.953125,
            "trackIndex": 0
        },
        {
            "strikeTime": 207.1875,
            "trackIndex": 1
        },
        {
            "strikeTime": 207.65625,
            "trackIndex": 0
        },
        {
            "strikeTime": 209.296875,
            "trackIndex": 0
        },
        {
            "strikeTime": 209.765625,
            "trackIndex": 0
        },
        {
            "strikeTime": 210.0,
            "trackIndex": 1
        },
        {
            "strikeTime": 210.234375,
            "trackIndex": 0
        },
        {
            "strikeTime": 211.40625,
            "trackIndex": 0
        },
        {
            "strikeTime": 211.875,
            "trackIndex": 1
        },
        {
            "strikeTime": 212.109375,
            "trackIndex": 0
        },
        {
            "strikeTime": 212.578125,
            "trackIndex": 0
        },
        {
            "strikeTime": 212.8125,
            "trackIndex": 1
        },
        {
            "strikeTime": 213.28125,
            "trackIndex": 0
        },
        {
            "strikeTime": 213.984375,
            "trackIndex": 0
        },
        {
            "strikeTime": 213.984375,
            "trackIndex": 1
        },
        {
            "strikeTime": 214.453125,
            "trackIndex": 0
        },
        {
            "strikeTime": 214.453125,
            "trackIndex": 1
        },
        {
            "strikeTime": 215.15625,
            "trackIndex": 1
        },
        {
            "strikeTime": 215.15625,
            "trackIndex": 0
        },
        {
            "strikeTime": 215.625,
            "trackIndex": 2
        },
        {
            "strikeTime": 215.625,
            "trackIndex": 1
        },
        {
            "strikeTime": 215.625,
            "trackIndex": 0
        }
    ]
}