{"leftNotes":[{"strikeTime":0.0,"trackIndex":0},{"strikeTime":0.15625,"trackIndex":1},{"strikeTime":0.78125,"trackIndex":1},{"strikeTime":0.9375,"trackIndex":0},{"strikeTime":1.09375,"trackIndex":1},{"strikeTime":1.71875,"trackIndex":1},{"strikeTime":1.875,"trackIndex":0},{"strikeTime":2.03125,"trackIndex":0},{"strikeTime":2.1875,"trackIndex":0},{"strikeTime":2.34375,"trackIndex":0},{"strikeTime":2.5,"trackIndex":0},{"strikeTime":2.65625,"trackIndex":1},{"strikeTime":3.28125,"trackIndex":1},{"strikeTime":3.4375,"trackIndex":0},{"strikeTime":3.59375,"trackIndex":1},{"strikeTime":4.21875,"trackIndex":1},{"strikeTime":4.375,"trackIndex":1},{"strikeTime":4.53125,"trackIndex":1},{"strikeTime":4.6875,"trackIndex":1},{"strikeTime":4.84375,"trackIndex":1},{"strikeTime":5.0,"trackIndex":0},{"strikeTime":5.15625,"trackIndex":1},{"strikeTime":5.78125,"trackIndex":1},{"strikeTime":5.9375,"trackIndex":0},{"strikeTime":6.09375,"trackIndex":1},{"strikeTime":6.71875,"trackIndex":1},{"strikeTime":6.875,"trackIndex":0},{"strikeTime":7.03125,"trackIndex":0},{"strikeTime":7.1875,"trackIndex":0},{"strikeTime":7.34375,"trackIndex":0},{"strikeTime":7.65625,"trackIndex":1},{"strikeTime":7.8125,"trackIndex":0},{"strikeTime":7.96875,"trackIndex":1},{"strikeTime":8.59375,"trackIndex":1},{"strikeTime":8.75,"trackIndex":0},{"strikeTime":8.90625,"trackIndex":1},{"strikeTime":9.375,"trackIndex":0},{"strikeTime":9.53125,"trackIndex":0},{"strikeTime":9.6875,"trackIndex":0},{"strikeTime":9.84375,"trackIndex":0},{"strikeTime":10.15625,"trackIndex":1},{"strikeTime":10.3125,"trackIndex":0},{"strikeTime":10.46875,"trackIndex":1},{"strikeTime":11.09375,"trackIndex":1},{"strikeTime":11.25,"trackIndex":0},{"strikeTime":11.40625,"trackIndex":1},{"strikeTime":11.875,"trackIndex":0},{"strikeTime":12.03125,"trackIndex":0},{"strikeTime":12.1875,"trackIndex":0},{"strikeTime":12.34375,"trackIndex":0},{"strikeTime":12.5,"trackIndex":1},{"strikeTime":13.125,"trackIndex":1},{"strikeTime":13.28125,"trackIndex":0},{"strikeTime":13.4375,"trackIndex":1},{"strikeTime":14.0625,"trackIndex":1},{"strikeTime":14.21875,"trackIndex":0},{"strikeTime":14.375,"trackIndex":1},{"strikeTime":14.53125,"trackIndex":1},{"strikeTime":14.6875,"trackIndex":1},{"strikeTime":14.84375,"trackIndex":1},{"strikeTime":15.0,"trackIndex":0},{"strikeTime":15.15625,"trackIndex":1},{"strikeTime":15.78125,"trackIndex":1},{"strikeTime":15.9375,"trackIndex":0},{"strikeTime":16.09375,"trackIndex":1},{"strikeTime":16.71875,"trackIndex":1},{"strikeTime":16.875,"trackIndex":0},{"strikeTime":17.03125,"trackIndex":0},{"strikeTime":17.1875,"trackIndex":0},{"strikeTime":17.34375,"trackIndex":0},{"strikeTime":17.5,"trackIndex":1},{"strikeTime":17.65625,"trackIndex":1},{"strikeTime":17.8125,"trackIndex":1},{"strikeTime":17.96875,"trackIndex":1},{"strikeTime":18.125,"trackIndex":0},{"strikeTime":18.28125,"trackIndex":0},{"strikeTime":18.4375,"trackIndex":0},{"strikeTime":18.59375,"trackIndex":0},{"strikeTime":18.75,"trackIndex":1},{"strikeTime":18.90625,"trackIndex":1},{"strikeTime":19.0625,"trackIndex":1},{"strikeTime":19.21875,"trackIndex":1},{"strikeTime":19.375,"trackIndex":0},{"strikeTime":19.53125,"trackIndex":0},{"strikeTime":19.6875,"trackIndex":0},{"strikeTime":19.84375,"trackIndex":0},{"strikeTime":20.15625,"trackIndex":1},{"strikeTime":20.46875,"trackIndex":1},{"strikeTime":20.78125,"trackIndex":1},{"strikeTime":21.09375,"trackIndex":1},{"strikeTime":21.40625,"trackIndex":1},{"strikeTime":21.71875,"trackIndex":1},{"strikeTime":22.03125,"trackIndex":1},{"strikeTime":22.109375,"trackIndex":0},{"strikeTime":22.34375,"trackIndex":1},{"strikeTime":22.421875,"trackIndex":0},{"strikeTime":22.5,"trackIndex":1},{"strikeTime":22.8125,"trackIndex":1},{"strikeTime":23.125,"trackIndex":1},{"strikeTime":23.4375,"trackIndex":1},{"strikeTime":23.75,"trackIndex":1},{"strikeTime":24.0625,"trackIndex":1},{"strikeTime":24.375,"trackIndex":0},{"strikeTime":24.53125,"trackIndex":1},{"strikeTime":24.6875,"trackIndex":0},{"strikeTime":24.84375,"trackIndex":1},{"strikeTime":25.0,"trackIndex":0},{"strikeTime":25.3125,"trackIndex":1},{"strikeTime":25.625,"trackIndex":1},{"strikeTime":25.9375,"trackIndex":1},{"strikeTime":26.25,"trackIndex":1},{"strikeTime":26.5625,"trackIndex":1},{"strikeTime":26.875,"trackIndex":1},{"strikeTime":27.03125,"trackIndex":1},{"strikeTime":27.1875,"trackIndex":1},{"strikeTime":27.34375,"trackIndex":1},{"strikeTime":27.5,"trackIndex":1},{"strikeTime":27.8125,"trackIndex":1},{"strikeTime":28.125,"trackIndex":1},{"strikeTime":28.4375,"trackIndex":1},{"strikeTime":28.75,"trackIndex":1},{"strikeTime":29.0625,"trackIndex":1},{"strikeTime":29.375,"trackIndex":1},{"strikeTime":29.53125,"trackIndex":1},{"strikeTime":29.6875,"trackIndex":0},{"strikeTime":30.0,"trackIndex":0},{"strikeTime":30.15625,"trackIndex":1},{"strikeTime":30.46875,"trackIndex":1},{"strikeTime":30.78125,"trackIndex":1},{"strikeTime":31.09375,"trackIndex":1},{"strikeTime":31.40625,"trackIndex":1},{"strikeTime":31.71875,"trackIndex":1},{"strikeTime":31.953125,"trackIndex":1},{"strikeTime":32.109375,"trackIndex":1},{"strikeTime":32.265625,"trackIndex":1},{"strikeTime":32.421875,"trackIndex":1},{"strikeTime":32.5,"trackIndex":0},{"strikeTime":32.8125,"trackIndex":1},{"strikeTime":33.125,"trackIndex":1},{"strikeTime":33.4375,"trackIndex":1},{"strikeTime":33.75,"trackIndex":1},{"strikeTime":34.0625,"trackIndex":1},{"strikeTime":34.453125,"trackIndex":0},{"strikeTime":34.609375,"trackIndex":0},{"strikeTime":34.765625,"trackIndex":0},{"strikeTime":34.921875,"trackIndex":0},{"strikeTime":35.3125,"trackIndex":1},{"strikeTime":35.625,"trackIndex":1},{"strikeTime":35.9375,"trackIndex":1},{"strikeTime":36.25,"trackIndex":1},{"strikeTime":36.5625,"trackIndex":1},{"strikeTime":36.875,"trackIndex":0},{"strikeTime":37.03125,"trackIndex":0},{"strikeTime":37.1875,"trackIndex":1},{"strikeTime":37.34375,"trackIndex":1},{"strikeTime":37.65625,"trackIndex":0},{"strikeTime":37.96875,"trackIndex":0},{"strikeTime":38.28125,"trackIndex":0},{"strikeTime":38.59375,"trackIndex":0},{"strikeTime":38.75,"trackIndex":1},{"strikeTime":38.854164123535159,"trackIndex":1},{"strikeTime":38.95833206176758,"trackIndex":1},{"strikeTime":39.375,"trackIndex":1},{"strikeTime":39.479164123535159,"trackIndex":1},{"strikeTime":39.58333206176758,"trackIndex":1},{"strikeTime":39.84375,"trackIndex":1},{"strikeTime":40.0,"trackIndex":0},{"strikeTime":40.46875,"trackIndex":0},{"strikeTime":40.625,"trackIndex":0},{"strikeTime":41.09375,"trackIndex":1},{"strikeTime":41.40625,"trackIndex":1},{"strikeTime":41.71875,"trackIndex":0},{"strikeTime":41.875,"trackIndex":0},{"strikeTime":42.03125,"trackIndex":1},{"strikeTime":42.34375,"trackIndex":1},{"strikeTime":42.5,"trackIndex":0},{"strikeTime":42.96875,"trackIndex":0},{"strikeTime":43.125,"trackIndex":0},{"strikeTime":43.59375,"trackIndex":1},{"strikeTime":43.75,"trackIndex":0},{"strikeTime":44.0625,"trackIndex":1},{"strikeTime":44.21875,"trackIndex":0},{"strikeTime":44.6875,"trackIndex":1},{"strikeTime":44.84375,"trackIndex":0},{"strikeTime":45.0,"trackIndex":1},{"strikeTime":45.46875,"trackIndex":0},{"strikeTime":45.625,"trackIndex":0},{"strikeTime":45.9375,"trackIndex":1},{"strikeTime":46.09375,"trackIndex":1},{"strikeTime":46.25,"trackIndex":0},{"strikeTime":46.40625,"trackIndex":1},{"strikeTime":46.875,"trackIndex":0},{"strikeTime":47.03125,"trackIndex":1},{"strikeTime":47.34375,"trackIndex":1},{"strikeTime":47.5,"trackIndex":0},{"strikeTime":47.65625,"trackIndex":1},{"strikeTime":48.28125,"trackIndex":1},{"strikeTime":48.4375,"trackIndex":0},{"strikeTime":48.59375,"trackIndex":1},{"strikeTime":49.21875,"trackIndex":1},{"strikeTime":49.375,"trackIndex":0},{"strikeTime":49.53125,"trackIndex":1},{"strikeTime":50.0,"trackIndex":0},{"strikeTime":50.15625,"trackIndex":1},{"strikeTime":50.46875,"trackIndex":0},{"strikeTime":50.625,"trackIndex":0},{"strikeTime":50.9375,"trackIndex":1},{"strikeTime":51.09375,"trackIndex":1},{"strikeTime":51.25,"trackIndex":0},{"strikeTime":51.484375,"trackIndex":1},{"strikeTime":51.71875,"trackIndex":0},{"strikeTime":51.875,"trackIndex":0},{"strikeTime":52.03125,"trackIndex":1},{"strikeTime":52.34375,"trackIndex":1},{"strikeTime":52.5,"trackIndex":0},{"strikeTime":52.96875,"trackIndex":0},{"strikeTime":53.125,"trackIndex":0},{"strikeTime":53.4375,"trackIndex":0},{"strikeTime":53.59375,"trackIndex":1},{"strikeTime":53.90625,"trackIndex":0},{"strikeTime":54.0625,"trackIndex":1},{"strikeTime":54.53125,"trackIndex":1},{"strikeTime":54.6875,"trackIndex":1},{"strikeTime":54.84375,"trackIndex":0},{"strikeTime":55.0,"trackIndex":0},{"strikeTime":55.3125,"trackIndex":1},{"strikeTime":55.46875,"trackIndex":0},{"strikeTime":55.625,"trackIndex":0},{"strikeTime":55.9375,"trackIndex":1},{"strikeTime":56.09375,"trackIndex":1},{"strikeTime":56.25,"trackIndex":0},{"strikeTime":56.484375,"trackIndex":1},{"strikeTime":56.71875,"trackIndex":0},{"strikeTime":56.875,"trackIndex":0},{"strikeTime":57.03125,"trackIndex":1},{"strikeTime":57.1875,"trackIndex":1},{"strikeTime":57.34375,"trackIndex":1},{"strikeTime":57.5,"trackIndex":0},{"strikeTime":57.65625,"trackIndex":1},{"strikeTime":58.28125,"trackIndex":1},{"strikeTime":58.4375,"trackIndex":0},{"strikeTime":58.59375,"trackIndex":1},{"strikeTime":59.21875,"trackIndex":1},{"strikeTime":59.375,"trackIndex":0},{"strikeTime":59.53125,"trackIndex":1},{"strikeTime":60.0,"trackIndex":1},{"strikeTime":61.25,"trackIndex":1},{"strikeTime":62.5,"trackIndex":1},{"strikeTime":63.75,"trackIndex":1},{"strikeTime":65.0,"trackIndex":1},{"strikeTime":66.25,"trackIndex":1},{"strikeTime":67.5,"trackIndex":1},{"strikeTime":68.75,"trackIndex":1},{"strikeTime":70.0,"trackIndex":0},{"strikeTime":70.15625,"trackIndex":1},{"strikeTime":70.78125,"trackIndex":1},{"strikeTime":70.9375,"trackIndex":0},{"strikeTime":71.09375,"trackIndex":1},{"strikeTime":71.71875,"trackIndex":1},{"strikeTime":71.875,"trackIndex":0},{"strikeTime":72.03125,"trackIndex":1},{"strikeTime":72.65625,"trackIndex":1},{"strikeTime":72.8125,"trackIndex":0},{"strikeTime":72.96875,"trackIndex":1},{"strikeTime":73.59375,"trackIndex":1},{"strikeTime":73.75,"trackIndex":0},{"strikeTime":73.90625,"trackIndex":1},{"strikeTime":74.53125,"trackIndex":1},{"strikeTime":74.6875,"trackIndex":0},{"strikeTime":74.84375,"trackIndex":1},{"strikeTime":75.46875,"trackIndex":1},{"strikeTime":75.625,"trackIndex":0},{"strikeTime":75.78125,"trackIndex":1},{"strikeTime":76.25,"trackIndex":0},{"strikeTime":76.40625,"trackIndex":1},{"strikeTime":77.03125,"trackIndex":1},{"strikeTime":77.1875,"trackIndex":0},{"strikeTime":77.34375,"trackIndex":1},{"strikeTime":77.96875,"trackIndex":1},{"strikeTime":78.125,"trackIndex":0},{"strikeTime":78.28125,"trackIndex":1},{"strikeTime":78.90625,"trackIndex":1},{"strikeTime":79.0625,"trackIndex":0},{"strikeTime":79.21875,"trackIndex":1},{"strikeTime":79.84375,"trackIndex":1},{"strikeTime":80.0,"trackIndex":0},{"strikeTime":80.15625,"trackIndex":1},{"strikeTime":80.78125,"trackIndex":1},{"strikeTime":80.9375,"trackIndex":0},{"strikeTime":81.09375,"trackIndex":1},{"strikeTime":81.71875,"trackIndex":1},{"strikeTime":81.875,"trackIndex":0},{"strikeTime":82.03125,"trackIndex":1},{"strikeTime":82.65625,"trackIndex":1},{"strikeTime":82.8125,"trackIndex":0},{"strikeTime":82.96875,"trackIndex":1},{"strikeTime":83.59375,"trackIndex":1},{"strikeTime":83.75,"trackIndex":0},{"strikeTime":83.90625,"trackIndex":1},{"strikeTime":84.53125,"trackIndex":1},{"strikeTime":84.6875,"trackIndex":0},{"strikeTime":84.84375,"trackIndex":1},{"strikeTime":85.46875,"trackIndex":1},{"strikeTime":85.625,"trackIndex":0},{"strikeTime":85.78125,"trackIndex":1},{"strikeTime":86.40625,"trackIndex":1},{"strikeTime":86.5625,"trackIndex":0},{"strikeTime":86.71875,"trackIndex":1},{"strikeTime":87.34375,"trackIndex":1},{"strikeTime":87.5,"trackIndex":0},{"strikeTime":87.65625,"trackIndex":1},{"strikeTime":88.28125,"trackIndex":1},{"strikeTime":88.4375,"trackIndex":0},{"strikeTime":88.59375,"trackIndex":1},{"strikeTime":89.21875,"trackIndex":1},{"strikeTime":89.375,"trackIndex":0},{"strikeTime":89.53125,"trackIndex":1},{"strikeTime":90.15625,"trackIndex":0},{"strikeTime":90.15625,"trackIndex":1},{"strikeTime":100.0,"trackIndex":1},{"strikeTime":100.3125,"trackIndex":1},{"strikeTime":100.46875,"trackIndex":0},{"strikeTime":100.625,"trackIndex":1},{"strikeTime":100.9375,"trackIndex":1},{"strikeTime":101.5625,"trackIndex":1},{"strikeTime":101.875,"trackIndex":1},{"strikeTime":102.03125,"trackIndex":0},{"strikeTime":102.1875,"trackIndex":1},{"strikeTime":102.5,"trackIndex":1},{"strikeTime":102.8125,"trackIndex":1},{"strikeTime":102.96875,"trackIndex":0},{"strikeTime":103.125,"trackIndex":1},{"strikeTime":103.75,"trackIndex":1},{"strikeTime":104.0625,"trackIndex":1},{"strikeTime":104.21875,"trackIndex":0},{"strikeTime":104.375,"trackIndex":1},{"strikeTime":105.0,"trackIndex":1},{"strikeTime":105.15625,"trackIndex":0},{"strikeTime":105.3125,"trackIndex":1},{"strikeTime":105.9375,"trackIndex":1},{"strikeTime":106.25,"trackIndex":1},{"strikeTime":106.40625,"trackIndex":0},{"strikeTime":106.5625,"trackIndex":1},{"strikeTime":107.1875,"trackIndex":1},{"strikeTime":107.5,"trackIndex":1},{"strikeTime":107.8125,"trackIndex":1},{"strikeTime":108.4375,"trackIndex":1},{"strikeTime":108.59375,"trackIndex":0},{"strikeTime":108.75,"trackIndex":1},{"strikeTime":109.375,"trackIndex":1},{"strikeTime":109.6875,"trackIndex":1},{"strikeTime":110.0,"trackIndex":0},{"strikeTime":110.15625,"trackIndex":1},{"strikeTime":110.3125,"trackIndex":0},{"strikeTime":110.46875,"trackIndex":1},{"strikeTime":110.625,"trackIndex":0},{"strikeTime":110.78125,"trackIndex":1},{"strikeTime":110.9375,"trackIndex":0},{"strikeTime":111.09375,"trackIndex":1},{"strikeTime":111.25,"trackIndex":0},{"strikeTime":111.40625,"trackIndex":1},{"strikeTime":111.5625,"trackIndex":0},{"strikeTime":111.71875,"trackIndex":1},{"strikeTime":111.875,"trackIndex":0},{"strikeTime":112.03125,"trackIndex":1},{"strikeTime":112.1875,"trackIndex":0},{"strikeTime":112.34375,"trackIndex":1},{"strikeTime":112.5,"trackIndex":0},{"strikeTime":112.65625,"trackIndex":1},{"strikeTime":112.8125,"trackIndex":0},{"strikeTime":112.96875,"trackIndex":1},{"strikeTime":113.125,"trackIndex":0},{"strikeTime":113.28125,"trackIndex":1},{"strikeTime":113.4375,"trackIndex":0},{"strikeTime":113.59375,"trackIndex":1},{"strikeTime":113.75,"trackIndex":0},{"strikeTime":113.90625,"trackIndex":1},{"strikeTime":114.53125,"trackIndex":1},{"strikeTime":114.6875,"trackIndex":0},{"strikeTime":114.84375,"trackIndex":1},{"strikeTime":115.15625,"trackIndex":1},{"strikeTime":115.46875,"trackIndex":1},{"strikeTime":115.78125,"trackIndex":0},{"strikeTime":115.9375,"trackIndex":1},{"strikeTime":116.5625,"trackIndex":1},{"strikeTime":116.71875,"trackIndex":0},{"strikeTime":116.875,"trackIndex":1},{"strikeTime":117.5,"trackIndex":0},{"strikeTime":117.65625,"trackIndex":0},{"strikeTime":117.8125,"trackIndex":0},{"strikeTime":117.96875,"trackIndex":0},{"strikeTime":118.125,"trackIndex":0},{"strikeTime":118.28125,"trackIndex":0},{"strikeTime":118.4375,"trackIndex":0},{"strikeTime":118.59375,"trackIndex":0},{"strikeTime":118.828125,"trackIndex":1},{"strikeTime":118.984375,"trackIndex":1},{"strikeTime":119.140625,"trackIndex":1},{"strikeTime":119.296875,"trackIndex":1},{"strikeTime":119.453125,"trackIndex":1},{"strikeTime":119.609375,"trackIndex":1},{"strikeTime":119.765625,"trackIndex":1},{"strikeTime":119.921875,"trackIndex":1},{"strikeTime":120.15625,"trackIndex":1},{"strikeTime":120.3125,"trackIndex":1},{"strikeTime":120.46875,"trackIndex":0},{"strikeTime":120.625,"trackIndex":0},{"strikeTime":120.78125,"trackIndex":1},{"strikeTime":120.9375,"trackIndex":1},{"strikeTime":121.484375,"trackIndex":1},{"strikeTime":121.71875,"trackIndex":0},{"strikeTime":121.875,"trackIndex":0},{"strikeTime":122.03125,"trackIndex":1},{"strikeTime":122.1875,"trackIndex":1},{"strikeTime":122.734375,"trackIndex":1},{"strikeTime":122.96875,"trackIndex":0},{"strikeTime":123.125,"trackIndex":0},{"strikeTime":123.28125,"trackIndex":1},{"strikeTime":123.4375,"trackIndex":1},{"strikeTime":123.984375,"trackIndex":1},{"strikeTime":124.21875,"trackIndex":0},{"strikeTime":124.375,"trackIndex":0},{"strikeTime":124.53125,"trackIndex":1},{"strikeTime":124.6875,"trackIndex":1},{"strikeTime":125.234375,"trackIndex":1},{"strikeTime":125.46875,"trackIndex":0},{"strikeTime":125.625,"trackIndex":0},{"strikeTime":125.78125,"trackIndex":1},{"strikeTime":125.9375,"trackIndex":1},{"strikeTime":126.484375,"trackIndex":1},{"strikeTime":126.71875,"trackIndex":0},{"strikeTime":126.875,"trackIndex":0},{"strikeTime":127.03125,"trackIndex":1},{"strikeTime":127.1875,"trackIndex":1},{"strikeTime":127.734375,"trackIndex":1},{"strikeTime":127.96875,"trackIndex":0},{"strikeTime":128.125,"trackIndex":0},{"strikeTime":128.28125,"trackIndex":1},{"strikeTime":128.4375,"trackIndex":1},{"strikeTime":128.984375,"trackIndex":1},{"strikeTime":129.21875,"trackIndex":0},{"strikeTime":129.375,"trackIndex":0},{"strikeTime":129.53125,"trackIndex":1},{"strikeTime":129.6875,"trackIndex":1},{"strikeTime":130.078125,"trackIndex":1},{"strikeTime":130.234375,"trackIndex":1},{"strikeTime":130.46875,"trackIndex":0},{"strikeTime":130.625,"trackIndex":1},{"strikeTime":130.78125,"trackIndex":1},{"strikeTime":130.9375,"trackIndex":1},{"strikeTime":131.328125,"trackIndex":1},{"strikeTime":131.484375,"trackIndex":1},{"strikeTime":131.71875,"trackIndex":0},{"strikeTime":131.875,"trackIndex":1},{"strikeTime":132.03125,"trackIndex":1},{"strikeTime":132.1875,"trackIndex":1},{"strikeTime":132.578125,"trackIndex":1},{"strikeTime":132.734375,"trackIndex":1},{"strikeTime":132.96875,"trackIndex":0},{"strikeTime":133.125,"trackIndex":1},{"strikeTime":133.28125,"trackIndex":1},{"strikeTime":133.4375,"trackIndex":1},{"strikeTime":133.75,"trackIndex":0},{"strikeTime":134.375,"trackIndex":1},{"strikeTime":134.53125,"trackIndex":0},{"strikeTime":134.6875,"trackIndex":1},{"strikeTime":135.3125,"trackIndex":1},{"strikeTime":135.46875,"trackIndex":1},{"strikeTime":135.625,"trackIndex":0},{"strikeTime":135.78125,"trackIndex":0},{"strikeTime":135.9375,"trackIndex":1},{"strikeTime":136.5625,"trackIndex":1},{"strikeTime":136.71875,"trackIndex":0},{"strikeTime":136.875,"trackIndex":1},{"strikeTime":137.5,"trackIndex":0},{"strikeTime":137.65625,"trackIndex":0},{"strikeTime":137.8125,"trackIndex":0},{"strikeTime":137.96875,"trackIndex":0},{"strikeTime":138.125,"trackIndex":0},{"strikeTime":138.28125,"trackIndex":0},{"strikeTime":138.4375,"trackIndex":0},{"strikeTime":138.59375,"trackIndex":0},{"strikeTime":138.828125,"trackIndex":1},{"strikeTime":138.984375,"trackIndex":1},{"strikeTime":139.140625,"trackIndex":1},{"strikeTime":139.296875,"trackIndex":1},{"strikeTime":139.453125,"trackIndex":1},{"strikeTime":139.609375,"trackIndex":1},{"strikeTime":139.765625,"trackIndex":1},{"strikeTime":139.921875,"trackIndex":1}],"rightNotes":[{"strikeTime":0.3125,"trackIndex":0},{"strikeTime":0.46875,"trackIndex":1},{"strikeTime":0.625,"trackIndex":0},{"strikeTime":1.25,"trackIndex":0},{"strikeTime":1.40625,"trackIndex":1},{"strikeTime":1.5625,"trackIndex":0},{"strikeTime":1.875,"trackIndex":1},{"strikeTime":2.03125,"trackIndex":1},{"strikeTime":2.1875,"trackIndex":1},{"strikeTime":2.34375,"trackIndex":1},{"strikeTime":2.8125,"trackIndex":0},{"strikeTime":2.96875,"trackIndex":1},{"strikeTime":3.125,"trackIndex":0},{"strikeTime":3.75,"trackIndex":0},{"strikeTime":3.90625,"trackIndex":1},{"strikeTime":4.0625,"trackIndex":0},{"strikeTime":4.375,"trackIndex":0},{"strikeTime":4.53125,"trackIndex":0},{"strikeTime":4.6875,"trackIndex":0},{"strikeTime":4.84375,"trackIndex":0},{"strikeTime":5.3125,"trackIndex":0},{"strikeTime":5.46875,"trackIndex":1},{"strikeTime":5.625,"trackIndex":0},{"strikeTime":6.25,"trackIndex":0},{"strikeTime":6.40625,"trackIndex":1},{"strikeTime":6.5625,"trackIndex":0},{"strikeTime":6.875,"trackIndex":1},{"strikeTime":7.03125,"trackIndex":1},{"strikeTime":7.1875,"trackIndex":1},{"strikeTime":7.34375,"trackIndex":1},{"strikeTime":7.5,"trackIndex":0},{"strikeTime":8.125,"trackIndex":0},{"strikeTime":8.28125,"trackIndex":1},{"strikeTime":8.4375,"trackIndex":0},{"strikeTime":9.0625,"trackIndex":0},{"strikeTime":9.21875,"trackIndex":1},{"strikeTime":9.375,"trackIndex":1},{"strikeTime":9.53125,"trackIndex":1},{"strikeTime":9.6875,"trackIndex":1},{"strikeTime":9.84375,"trackIndex":1},{"strikeTime":10.0,"trackIndex":0},{"strikeTime":10.625,"trackIndex":0},{"strikeTime":10.78125,"trackIndex":1},{"strikeTime":10.9375,"trackIndex":0},{"strikeTime":11.5625,"trackIndex":0},{"strikeTime":11.71875,"trackIndex":1},{"strikeTime":11.875,"trackIndex":0},{"strikeTime":12.03125,"trackIndex":0},{"strikeTime":12.1875,"trackIndex":0},{"strikeTime":12.34375,"trackIndex":0},{"strikeTime":12.65625,"trackIndex":0},{"strikeTime":12.8125,"trackIndex":1},{"strikeTime":12.96875,"trackIndex":0},{"strikeTime":13.59375,"trackIndex":0},{"strikeTime":13.75,"trackIndex":1},{"strikeTime":13.90625,"trackIndex":0},{"strikeTime":14.375,"trackIndex":1},{"strikeTime":14.53125,"trackIndex":1},{"strikeTime":14.6875,"trackIndex":1},{"strikeTime":14.84375,"trackIndex":1},{"strikeTime":15.3125,"trackIndex":0},{"strikeTime":15.46875,"trackIndex":1},{"strikeTime":15.625,"trackIndex":0},{"strikeTime":16.25,"trackIndex":0},{"strikeTime":16.40625,"trackIndex":1},{"strikeTime":16.5625,"trackIndex":0},{"strikeTime":16.875,"trackIndex":1},{"strikeTime":17.03125,"trackIndex":1},{"strikeTime":17.1875,"trackIndex":1},{"strikeTime":17.34375,"trackIndex":1},{"strikeTime":17.5,"trackIndex":0},{"strikeTime":17.65625,"trackIndex":0},{"strikeTime":17.8125,"trackIndex":0},{"strikeTime":17.96875,"trackIndex":0},{"strikeTime":18.125,"trackIndex":1},{"strikeTime":18.28125,"trackIndex":1},{"strikeTime":18.4375,"trackIndex":1},{"strikeTime":18.59375,"trackIndex":1},{"strikeTime":18.828125,"trackIndex":0},{"strikeTime":18.984375,"trackIndex":0},{"strikeTime":19.140625,"trackIndex":0},{"strikeTime":19.296875,"trackIndex":0},{"strikeTime":19.453125,"trackIndex":1},{"strikeTime":19.609375,"trackIndex":1},{"strikeTime":19.765625,"trackIndex":1},{"strikeTime":19.921875,"trackIndex":1},{"strikeTime":20.0,"trackIndex":0},{"strikeTime":20.3125,"trackIndex":0},{"strikeTime":20.625,"trackIndex":0},{"strikeTime":20.9375,"trackIndex":0},{"strikeTime":21.25,"trackIndex":0},{"strikeTime":21.5625,"trackIndex":0},{"strikeTime":21.875,"trackIndex":1},{"strikeTime":21.953125,"trackIndex":0},{"strikeTime":22.1875,"trackIndex":1},{"strikeTime":22.265625,"trackIndex":0},{"strikeTime":22.65625,"trackIndex":0},{"strikeTime":22.96875,"trackIndex":0},{"strikeTime":23.28125,"trackIndex":0},{"strikeTime":23.59375,"trackIndex":0},{"strikeTime":23.90625,"trackIndex":0},{"strikeTime":24.21875,"trackIndex":0},{"strikeTime":24.453125,"trackIndex":1},{"strikeTime":24.609375,"trackIndex":0},{"strikeTime":24.765625,"trackIndex":1},{"strikeTime":24.921875,"trackIndex":0},{"strikeTime":25.15625,"trackIndex":0},{"strikeTime":25.46875,"trackIndex":0},{"strikeTime":25.78125,"trackIndex":0},{"strikeTime":26.09375,"trackIndex":0},{"strikeTime":26.40625,"trackIndex":0},{"strikeTime":26.71875,"trackIndex":0},{"strikeTime":26.953125,"trackIndex":0},{"strikeTime":27.109375,"trackIndex":0},{"strikeTime":27.265625,"trackIndex":0},{"strikeTime":27.421875,"trackIndex":0},{"strikeTime":27.65625,"trackIndex":0},{"strikeTime":27.96875,"trackIndex":0},{"strikeTime":28.28125,"trackIndex":0},{"strikeTime":28.59375,"trackIndex":0},{"strikeTime":28.90625,"trackIndex":0},{"strikeTime":29.21875,"trackIndex":0},{"strikeTime":29.453125,"trackIndex":0},{"strikeTime":29.609375,"trackIndex":0},{"strikeTime":29.84375,"trackIndex":1},{"strikeTime":30.3125,"trackIndex":0},{"strikeTime":30.625,"trackIndex":0},{"strikeTime":30.9375,"trackIndex":0},{"strikeTime":31.25,"trackIndex":0},{"strikeTime":31.5625,"trackIndex":0},{"strikeTime":31.875,"trackIndex":0},{"strikeTime":32.03125,"trackIndex":0},{"strikeTime":32.1875,"trackIndex":0},{"strikeTime":32.34375,"trackIndex":0},{"strikeTime":32.65625,"trackIndex":0},{"strikeTime":32.96875,"trackIndex":0},{"strikeTime":33.28125,"trackIndex":0},{"strikeTime":33.59375,"trackIndex":0},{"strikeTime":33.90625,"trackIndex":0},{"strikeTime":34.21875,"trackIndex":0},{"strikeTime":34.375,"trackIndex":1},{"strikeTime":34.53125,"trackIndex":1},{"strikeTime":34.6875,"trackIndex":1},{"strikeTime":34.84375,"trackIndex":1},{"strikeTime":35.0,"trackIndex":1},{"strikeTime":35.15625,"trackIndex":0},{"strikeTime":35.46875,"trackIndex":0},{"strikeTime":35.78125,"trackIndex":0},{"strikeTime":36.09375,"trackIndex":0},{"strikeTime":36.40625,"trackIndex":0},{"strikeTime":36.71875,"trackIndex":0},{"strikeTime":36.953125,"trackIndex":1},{"strikeTime":37.109375,"trackIndex":1},{"strikeTime":37.265625,"trackIndex":0},{"strikeTime":37.421875,"trackIndex":0},{"strikeTime":37.5,"trackIndex":1},{"strikeTime":37.8125,"trackIndex":1},{"strikeTime":38.125,"trackIndex":1},{"strikeTime":38.4375,"trackIndex":1},{"strikeTime":39.0625,"trackIndex":0},{"strikeTime":39.166664123535159,"trackIndex":0},{"strikeTime":39.27083206176758,"trackIndex":0},{"strikeTime":39.6875,"trackIndex":0},{"strikeTime":40.0,"trackIndex":1},{"strikeTime":40.46875,"trackIndex":1},{"strikeTime":40.625,"trackIndex":1},{"strikeTime":40.9375,"trackIndex":0},{"strikeTime":41.25,"trackIndex":0},{"strikeTime":41.71875,"trackIndex":1},{"strikeTime":41.875,"trackIndex":1},{"strikeTime":42.1875,"trackIndex":0},{"strikeTime":42.5,"trackIndex":1},{"strikeTime":42.96875,"trackIndex":1},{"strikeTime":43.125,"trackIndex":1},{"strikeTime":43.4375,"trackIndex":0},{"strikeTime":43.75,"trackIndex":1},{"strikeTime":43.90625,"trackIndex":0},{"strikeTime":44.375,"trackIndex":1},{"strikeTime":44.53125,"trackIndex":0},{"strikeTime":44.84375,"trackIndex":1},{"strikeTime":45.0,"trackIndex":0},{"strikeTime":45.46875,"trackIndex":1},{"strikeTime":45.625,"trackIndex":1},{"strikeTime":45.9375,"trackIndex":0},{"strikeTime":46.09375,"trackIndex":0},{"strikeTime":46.25,"trackIndex":1},{"strikeTime":46.5625,"trackIndex":0},{"strikeTime":46.71875,"trackIndex":1},{"strikeTime":46.875,"trackIndex":1},{"strikeTime":47.1875,"trackIndex":0},{"strikeTime":47.8125,"trackIndex":0},{"strikeTime":47.96875,"trackIndex":1},{"strikeTime":48.125,"trackIndex":0},{"strikeTime":48.75,"trackIndex":0},{"strikeTime":48.90625,"trackIndex":1},{"strikeTime":49.0625,"trackIndex":0},{"strikeTime":49.6875,"trackIndex":0},{"strikeTime":49.84375,"trackIndex":1},{"strikeTime":50.0,"trackIndex":1},{"strikeTime":50.3125,"trackIndex":0},{"strikeTime":50.46875,"trackIndex":1},{"strikeTime":50.625,"trackIndex":1},{"strikeTime":50.9375,"trackIndex":0},{"strikeTime":51.09375,"trackIndex":0},{"strikeTime":51.25,"trackIndex":1},{"strikeTime":51.40625,"trackIndex":0},{"strikeTime":51.5625,"trackIndex":0},{"strikeTime":51.71875,"trackIndex":1},{"strikeTime":51.875,"trackIndex":1},{"strikeTime":52.1875,"trackIndex":0},{"strikeTime":52.5,"trackIndex":1},{"strikeTime":52.96875,"trackIndex":1},{"strikeTime":53.125,"trackIndex":1},{"strikeTime":53.4375,"trackIndex":1},{"strikeTime":53.75,"trackIndex":0},{"strikeTime":54.21875,"trackIndex":0},{"strikeTime":54.375,"trackIndex":1},{"strikeTime":54.609375,"trackIndex":0},{"strikeTime":54.84375,"trackIndex":1},{"strikeTime":55.0,"trackIndex":1},{"strikeTime":55.15625,"trackIndex":0},{"strikeTime":55.46875,"trackIndex":1},{"strikeTime":55.625,"trackIndex":1},{"strikeTime":55.9375,"trackIndex":0},{"strikeTime":56.09375,"trackIndex":0},{"strikeTime":56.25,"trackIndex":1},{"strikeTime":56.40625,"trackIndex":0},{"strikeTime":56.5625,"trackIndex":0},{"strikeTime":56.71875,"trackIndex":1},{"strikeTime":56.875,"trackIndex":1},{"strikeTime":57.03125,"trackIndex":0},{"strikeTime":57.1875,"trackIndex":0},{"strikeTime":57.34375,"trackIndex":0},{"strikeTime":57.8125,"trackIndex":0},{"strikeTime":57.96875,"trackIndex":1},{"strikeTime":58.125,"trackIndex":0},{"strikeTime":58.75,"trackIndex":0},{"strikeTime":58.90625,"trackIndex":1},{"strikeTime":59.0625,"trackIndex":0},{"strikeTime":59.6875,"trackIndex":0},{"strikeTime":59.84375,"trackIndex":1},{"strikeTime":60.0,"trackIndex":0},{"strikeTime":61.25,"trackIndex":0},{"strikeTime":62.5,"trackIndex":0},{"strikeTime":63.75,"trackIndex":0},{"strikeTime":65.0,"trackIndex":0},{"strikeTime":66.25,"trackIndex":0},{"strikeTime":67.5,"trackIndex":0},{"strikeTime":68.75,"trackIndex":0},{"strikeTime":70.3125,"trackIndex":0},{"strikeTime":70.46875,"trackIndex":1},{"strikeTime":70.625,"trackIndex":0},{"strikeTime":71.25,"trackIndex":0},{"strikeTime":71.40625,"trackIndex":1},{"strikeTime":71.5625,"trackIndex":0},{"strikeTime":72.1875,"trackIndex":0},{"strikeTime":72.34375,"trackIndex":1},{"strikeTime":72.5,"trackIndex":0},{"strikeTime":73.125,"trackIndex":0},{"strikeTime":73.28125,"trackIndex":1},{"strikeTime":73.4375,"trackIndex":0},{"strikeTime":74.0625,"trackIndex":0},{"strikeTime":74.21875,"trackIndex":1},{"strikeTime":74.375,"trackIndex":0},{"strikeTime":75.0,"trackIndex":0},{"strikeTime":75.15625,"trackIndex":1},{"strikeTime":75.3125,"trackIndex":0},{"strikeTime":75.9375,"trackIndex":0},{"strikeTime":76.09375,"trackIndex":1},{"strikeTime":76.5625,"trackIndex":0},{"strikeTime":76.71875,"trackIndex":1},{"strikeTime":76.875,"trackIndex":0},{"strikeTime":77.5,"trackIndex":0},{"strikeTime":77.65625,"trackIndex":1},{"strikeTime":77.8125,"trackIndex":0},{"strikeTime":78.4375,"trackIndex":0},{"strikeTime":78.59375,"trackIndex":1},{"strikeTime":78.75,"trackIndex":0},{"strikeTime":79.375,"trackIndex":0},{"strikeTime":79.53125,"trackIndex":1},{"strikeTime":79.6875,"trackIndex":0},{"strikeTime":80.3125,"trackIndex":0},{"strikeTime":80.46875,"trackIndex":1},{"strikeTime":80.625,"trackIndex":0},{"strikeTime":81.25,"trackIndex":0},{"strikeTime":81.40625,"trackIndex":1},{"strikeTime":81.5625,"trackIndex":0},{"strikeTime":82.1875,"trackIndex":0},{"strikeTime":82.34375,"trackIndex":1},{"strikeTime":82.5,"trackIndex":0},{"strikeTime":83.125,"trackIndex":0},{"strikeTime":83.28125,"trackIndex":1},{"strikeTime":83.4375,"trackIndex":0},{"strikeTime":84.0625,"trackIndex":0},{"strikeTime":84.21875,"trackIndex":1},{"strikeTime":84.375,"trackIndex":0},{"strikeTime":85.0,"trackIndex":0},{"strikeTime":85.15625,"trackIndex":1},{"strikeTime":85.3125,"trackIndex":0},{"strikeTime":85.9375,"trackIndex":0},{"strikeTime":86.09375,"trackIndex":1},{"strikeTime":86.25,"trackIndex":0},{"strikeTime":86.875,"trackIndex":0},{"strikeTime":87.03125,"trackIndex":1},{"strikeTime":87.1875,"trackIndex":0},{"strikeTime":87.8125,"trackIndex":0},{"strikeTime":87.96875,"trackIndex":1},{"strikeTime":88.125,"trackIndex":0},{"strikeTime":88.75,"trackIndex":0},{"strikeTime":88.90625,"trackIndex":1},{"strikeTime":89.0625,"trackIndex":0},{"strikeTime":89.6875,"trackIndex":0},{"strikeTime":89.84375,"trackIndex":1},{"strikeTime":90.0,"trackIndex":0},{"strikeTime":90.15625,"trackIndex":1},{"strikeTime":90.15625,"trackIndex":0},{"strikeTime":100.15625,"trackIndex":0},{"strikeTime":100.78125,"trackIndex":0},{"strikeTime":101.09375,"trackIndex":0},{"strikeTime":101.25,"trackIndex":1},{"strikeTime":101.40625,"trackIndex":0},{"strikeTime":101.71875,"trackIndex":0},{"strikeTime":102.34375,"trackIndex":0},{"strikeTime":102.65625,"trackIndex":0},{"strikeTime":103.28125,"trackIndex":0},{"strikeTime":103.4375,"trackIndex":1},{"strikeTime":103.59375,"trackIndex":0},{"strikeTime":103.90625,"trackIndex":0},{"strikeTime":104.53125,"trackIndex":0},{"strikeTime":104.6875,"trackIndex":1},{"strikeTime":104.84375,"trackIndex":0},{"strikeTime":105.46875,"trackIndex":0},{"strikeTime":105.625,"trackIndex":1},{"strikeTime":105.78125,"trackIndex":0},{"strikeTime":106.09375,"trackIndex":0},{"strikeTime":106.71875,"trackIndex":0},{"strikeTime":106.875,"trackIndex":1},{"strikeTime":107.03125,"trackIndex":0},{"strikeTime":107.34375,"trackIndex":0},{"strikeTime":107.65625,"trackIndex":0},{"strikeTime":107.96875,"trackIndex":0},{"strikeTime":108.125,"trackIndex":1},{"strikeTime":108.28125,"trackIndex":0},{"strikeTime":108.90625,"trackIndex":0},{"strikeTime":109.0625,"trackIndex":1},{"strikeTime":109.21875,"trackIndex":0},{"strikeTime":109.53125,"trackIndex":0},{"strikeTime":109.84375,"trackIndex":0},{"strikeTime":110.0,"trackIndex":1},{"strikeTime":110.15625,"trackIndex":0},{"strikeTime":110.3125,"trackIndex":1},{"strikeTime":110.46875,"trackIndex":0},{"strikeTime":110.625,"trackIndex":1},{"strikeTime":110.78125,"trackIndex":0},{"strikeTime":110.9375,"trackIndex":1},{"strikeTime":111.09375,"trackIndex":0},{"strikeTime":111.25,"trackIndex":1},{"strikeTime":111.40625,"trackIndex":0},{"strikeTime":111.5625,"trackIndex":1},{"strikeTime":111.71875,"trackIndex":0},{"strikeTime":111.875,"trackIndex":1},{"strikeTime":112.03125,"trackIndex":0},{"strikeTime":112.1875,"trackIndex":1},{"strikeTime":112.34375,"trackIndex":0},{"strikeTime":112.5,"trackIndex":1},{"strikeTime":112.65625,"trackIndex":0},{"strikeTime":112.8125,"trackIndex":1},{"strikeTime":112.96875,"trackIndex":0},{"strikeTime":113.125,"trackIndex":1},{"strikeTime":113.28125,"trackIndex":0},{"strikeTime":113.4375,"trackIndex":1},{"strikeTime":113.59375,"trackIndex":0},{"strikeTime":114.0625,"trackIndex":0},{"strikeTime":114.21875,"trackIndex":1},{"strikeTime":114.375,"trackIndex":0},{"strikeTime":115.0,"trackIndex":0},{"strikeTime":115.3125,"trackIndex":0},{"strikeTime":115.625,"trackIndex":0},{"strikeTime":116.09375,"trackIndex":0},{"strikeTime":116.25,"trackIndex":1},{"strikeTime":116.40625,"trackIndex":0},{"strikeTime":117.03125,"trackIndex":0},{"strikeTime":117.1875,"trackIndex":1},{"strikeTime":117.34375,"trackIndex":0},{"strikeTime":117.5,"trackIndex":1},{"strikeTime":117.65625,"trackIndex":1},{"strikeTime":117.8125,"trackIndex":1},{"strikeTime":117.96875,"trackIndex":1},{"strikeTime":118.125,"trackIndex":1},{"strikeTime":118.28125,"trackIndex":1},{"strikeTime":118.4375,"trackIndex":1},{"strikeTime":118.59375,"trackIndex":1},{"strikeTime":118.75,"trackIndex":0},{"strikeTime":118.90625,"trackIndex":0},{"strikeTime":119.0625,"trackIndex":0},{"strikeTime":119.21875,"trackIndex":0},{"strikeTime":119.375,"trackIndex":0},{"strikeTime":119.53125,"trackIndex":0},{"strikeTime":119.6875,"trackIndex":0},{"strikeTime":119.84375,"trackIndex":0},{"strikeTime":120.0,"trackIndex":1},{"strikeTime":120.234375,"trackIndex":0},{"strikeTime":120.859375,"trackIndex":0},{"strikeTime":121.09375,"trackIndex":1},{"strikeTime":121.25,"trackIndex":1},{"strikeTime":121.40625,"trackIndex":0},{"strikeTime":121.5625,"trackIndex":0},{"strikeTime":122.109375,"trackIndex":0},{"strikeTime":122.34375,"trackIndex":1},{"strikeTime":122.5,"trackIndex":1},{"strikeTime":122.65625,"trackIndex":0},{"strikeTime":122.8125,"trackIndex":0},{"strikeTime":123.359375,"trackIndex":0},{"strikeTime":123.59375,"trackIndex":1},{"strikeTime":123.75,"trackIndex":1},{"strikeTime":123.90625,"trackIndex":0},{"strikeTime":124.0625,"trackIndex":0},{"strikeTime":124.609375,"trackIndex":0},{"strikeTime":124.84375,"trackIndex":1},{"strikeTime":125.0,"trackIndex":1},{"strikeTime":125.15625,"trackIndex":0},{"strikeTime":125.3125,"trackIndex":0},{"strikeTime":125.859375,"trackIndex":0},{"strikeTime":126.09375,"trackIndex":1},{"strikeTime":126.25,"trackIndex":1},{"strikeTime":126.40625,"trackIndex":0},{"strikeTime":126.5625,"trackIndex":0},{"strikeTime":127.109375,"trackIndex":0},{"strikeTime":127.34375,"trackIndex":1},{"strikeTime":127.5,"trackIndex":1},{"strikeTime":127.65625,"trackIndex":0},{"strikeTime":127.8125,"trackIndex":0},{"strikeTime":128.359375,"trackIndex":0},{"strikeTime":128.59375,"trackIndex":1},{"strikeTime":128.75,"trackIndex":1},{"strikeTime":128.90625,"trackIndex":0},{"strikeTime":129.0625,"trackIndex":0},{"strikeTime":129.609375,"trackIndex":0},{"strikeTime":129.84375,"trackIndex":1},{"strikeTime":130.0,"trackIndex":0},{"strikeTime":130.15625,"trackIndex":0},{"strikeTime":130.3125,"trackIndex":0},{"strikeTime":130.703125,"trackIndex":0},{"strikeTime":130.859375,"trackIndex":0},{"strikeTime":131.09375,"trackIndex":1},{"strikeTime":131.25,"trackIndex":0},{"strikeTime":131.40625,"trackIndex":0},{"strikeTime":131.5625,"trackIndex":0},{"strikeTime":131.953125,"trackIndex":0},{"strikeTime":132.109375,"trackIndex":0},{"strikeTime":132.34375,"trackIndex":1},{"strikeTime":132.5,"trackIndex":0},{"strikeTime":132.65625,"trackIndex":0},{"strikeTime":132.8125,"trackIndex":0},{"strikeTime":133.203125,"trackIndex":0},{"strikeTime":133.359375,"trackIndex":0},{"strikeTime":133.59375,"trackIndex":1},{"strikeTime":133.75,"trackIndex":1},{"strikeTime":133.90625,"trackIndex":0},{"strikeTime":134.0625,"trackIndex":1},{"strikeTime":134.21875,"trackIndex":0},{"strikeTime":134.84375,"trackIndex":0},{"strikeTime":135.0,"trackIndex":1},{"strikeTime":135.15625,"trackIndex":0},{"strikeTime":135.390625,"trackIndex":0},{"strikeTime":136.09375,"trackIndex":0},{"strikeTime":136.25,"trackIndex":1},{"strikeTime":136.40625,"trackIndex":0},{"strikeTime":137.03125,"trackIndex":0},{"strikeTime":137.1875,"trackIndex":1},{"strikeTime":137.34375,"trackIndex":0},{"strikeTime":137.5,"trackIndex":1},{"strikeTime":137.65625,"trackIndex":1},{"strikeTime":137.8125,"trackIndex":1},{"strikeTime":137.96875,"trackIndex":1},{"strikeTime":138.125,"trackIndex":1},{"strikeTime":138.28125,"trackIndex":1},{"strikeTime":138.4375,"trackIndex":1},{"strikeTime":138.59375,"trackIndex":1},{"strikeTime":138.75,"trackIndex":0},{"strikeTime":138.90625,"trackIndex":0},{"strikeTime":139.0625,"trackIndex":0},{"strikeTime":139.21875,"trackIndex":0},{"strikeTime":139.375,"trackIndex":0},{"strikeTime":139.53125,"trackIndex":0},{"strikeTime":139.6875,"trackIndex":0},{"strikeTime":139.84375,"trackIndex":0}]}